modalidade_de_compra,tipo_da_compra,valor_total,numero_compras
PREGÃO,ADMINISTRATIVA,41931922890.72,232690
PREGÃO,JUDICIAL,4898189365.97,10736
REGISTRO DE PREÇOS,ADMINISTRATIVA,2644828693.67,2843
DISPENSA DE LICITAÇÃO,JUDICIAL,880927657.78,5072
REGISTRO DE PREÇOS,JUDICIAL,324354262.2,343
DISPENSA DE LICITAÇÃO,ADMINISTRATIVA,147738821.16,7853
INEXIGIBILIDADE DE LICITAÇÃO,JUDICIAL,96798066.94,109
TOMADA DE PREÇOS,ADMINISTRATIVA,9427395.05,2094
INEXIGIBILIDADE DE LICITAÇÃO,ADMINISTRATIVA,3693759.39,939
LEILÃO,ADMINISTRATIVA,1518134.69,18
CONCORRÊNCIA,ADMINISTRATIVA,1211070.93,727
CONVITE,JUDICIAL,382387.19,25
CONVITE,ADMINISTRATIVA,186612.8,36
TOMADA DE PREÇOS,JUDICIAL,105655.56,60
CONCURSO,ADMINISTRATIVA,28748.75,12
CONCORRÊNCIA,JUDICIAL,13940,2
LEILÃO,JUDICIAL,273,1
COLETA DE PREÇOS,ADMINISTRATIVA,21.8,1
COTAÇÃO (ELETRÔNICA) DE PREÇ,ADMINISTRATIVA,21.8,1
