uf,ano,valor_total,numero_compras,numero_mantenedoras
AC,2020,19443.96,181,1
AL,2020,1250415.24,688,3
AL,2021,737042003.97,1096,9
AL,2022,1926849.4,1434,7
AL,2023,453712345.41,2024,12
AL,2024,5947859.69,591,7
AL,2025,1065429.1,169,1
BA,2020,35709.67,45,2
BA,2021,752582.82,119,2
BA,2022,3262343.36,581,4
BA,2023,127246162.28,233,2
BA,2024,20322727.8,74,3
BA,2025,144408391.28,50,1
CE,2020,1492303.17,18,4
CE,2021,45743055.05,933,4
CE,2022,13167514.92,1727,6
CE,2023,7269291.5,883,5
CE,2024,367061,73,1
ES,2020,27330732.87,2344,25
ES,2021,386801635.34,2563,20
ES,2022,71393206.67,2261,10
ES,2023,229547260.13,1056,7
ES,2024,10147041.57,245,4
ES,2025,4006658.03,58,3
GO,2020,906.05,15,1
GO,2021,119720056,151,2
GO,2022,2711457.43,146,1
GO,2023,242272757.02,92,1
MA,2025,496800,2,1
MG,2020,6045552.45,3103,19
MG,2021,66266311.17,3620,16
MG,2022,5984302.93,3069,13
MG,2023,20365539.38,752,6
MG,2024,25917257.31,1250,7
MG,2025,5083501.45,92,6
MS,2020,2905550.31,1712,17
MS,2021,1667989372.71,1670,16
MS,2022,59772624.1,2055,9
MS,2023,16984937.03,426,8
MS,2024,30752992.86,252,7
MS,2025,1742714.16,4,1
MT,2021,28492579.66,257,1
MT,2022,714.16,6,1
N/I,2020,805110.91,588,4
N/I,2021,8836009.39,84,3
N/I,2022,319093.77,169,4
N/I,2023,2604183.17,286,5
PA,2020,837330.62,449,6
PA,2021,31025243.44,1561,8
PA,2022,10331749.06,4236,15
PA,2023,25469549.99,1033,7
PA,2024,18695519.75,1145,7
PB,2020,4341185.63,4246,34
PB,2021,21067112.68,3549,26
PB,2022,3761751.55,3280,24
PB,2023,13959781.53,3189,26
PB,2024,556882290.22,2114,17
PB,2025,60500.77,107,4
PE,2020,19366766.39,3335,23
PE,2021,296206459.25,2741,16
PE,2022,12286529,1814,8
PE,2023,28182780.46,1692,18
PE,2024,11180584.32,984,9
PI,2020,3888601.97,2775,21
PI,2021,24948898.5,4669,29
PI,2022,3891746.74,2923,21
PI,2023,12068272.11,849,5
PI,2024,2067637,321,4
PI,2025,48207.4,11,2
PR,2020,23638986.08,21358,116
PR,2021,3138075153.32,19489,112
PR,2022,129959098.1,16565,84
PR,2023,422133791.56,5486,53
PR,2024,344762850.91,4049,41
PR,2025,245574942.12,539,5
RJ,2020,2990604.15,629,6
RJ,2021,26272743.58,1262,4
RJ,2022,167255442.88,2433,15
RJ,2023,1571292490.76,1115,8
RJ,2024,2674428787.07,440,3
RJ,2025,47789810.19,27,1
RN,2020,445935.43,767,3
RN,2024,51214.4,13,1
RO,2020,4896858.91,3919,25
RO,2021,55654393.54,4374,29
RO,2022,8818763.15,3929,23
RO,2023,10091781.49,1571,20
RO,2024,2653944.94,396,9
RO,2025,630,1,1
RR,2020,82035.51,17,1
RR,2021,4828979.5,94,1
RS,2020,4368675.83,2756,15
RS,2021,239191225.22,3425,20
RS,2022,73199412.85,3100,15
RS,2023,525806020.27,1274,23
RS,2024,155337455.37,2736,19
RS,2025,33457907.95,576,7
SC,2020,6319689.2,2745,8
SC,2021,254860849.28,3001,10
SC,2022,6474081.68,2472,9
SC,2023,794422888.8,1602,3
SC,2024,238852105.44,231,1
SE,2020,12839454.92,3078,12
SE,2021,108531630.5,2222,9
SE,2022,10685457.74,2094,4
SE,2023,76551020.53,1564,5
SE,2024,56293712.37,962,5
SE,2025,22716455453.89,692,4
SP,2020,33813332.16,15622,73
SP,2021,6109555424.07,13984,67
SP,2022,45963123.3,13872,60
SP,2023,2358711568.37,3500,33
SP,2024,2304716588.18,4633,29
SP,2025,16457321.5,146,4
TO,2020,4940856.24,837,3
TO,2021,1681234.49,29,1
TO,2022,8840903.96,862,1
TO,2023,150397507.64,801,1
TO,2024,6794,3,1
