ano,tipo_da_compra,valor_total,numero_compras,quantidade_itens
2020,ADMINISTRATIVA,133488073.69,66944,8653375.52
2020,JUDICIAL,29167963.99,4283,763330.622
2021,ADMINISTRATIVA,12620104518.98,66188,11502521332
2021,JUDICIAL,753438434.5,4705,102854592
2022,ADMINISTRATIVA,382242713.04,63970,8117208.791
2022,JUDICIAL,257763453.73,5058,827241.648
2023,ADMINISTRATIVA,5613215717.23,29168,10231048759
2023,JUDICIAL,1475874212.21,260,8300712
2024,ADMINISTRATIVA,3031442892.5,18611,3073094335
2024,JUDICIAL,3427941531.7,1901,276385669
2025,ADMINISTRATIVA,22960062255.32,2333,249535700
2025,JUDICIAL,256586012.5,141,2827275
