uf,regiao,estoque_total,numero_instituicoes,numero_medicamentos,posicoes_zeradas,posicoes
SE,NORDESTE,686005038265,331,4018,21762,68374
ES,SUDESTE,480673108833,329,1986,17742,49382
BA,NORDESTE,44539778213,1896,5264,63198,238267
AL,NORDESTE,35097606360,647,6720,59858,173490
PA,NORTE,27912962113,619,6678,41876,121040
SP,SUDESTE,26853888656,3221,8767,76750,529892
RJ,SUDESTE,13624205685,593,4916,23147,87231
PE,NORDESTE,12732598707,953,7137,81713,200094
GO,CENTRO-OESTE,8629492857,940,7858,55895,181145
CE,NORDESTE,7934492995,1747,5341,83046,237721
RN,NORDESTE,7514605541,514,5077,39517,110322
AM,NORTE,7408525682,336,3666,11916,41712
AC,NORTE,6898380135,78,1866,4278,12904
RS,SUL,6468427106,1422,5635,25876,142254
TO,NORTE,5022080533,341,5153,36688,83297
PB,NORDESTE,4248058978,362,5518,33541,87558
MT,CENTRO-OESTE,3925328952,647,8195,58501,152320
MS,CENTRO-OESTE,3490728772,293,2785,11351,41246
PR,SUL,3265409375,1038,4257,11871,112464
MG,SUDESTE,3211634190,3168,1564,862,295796
PI,NORDESTE,2346349351,609,5341,30646,86231
SC,SUL,1792074021,1636,4686,15915,193025
RO,NORTE,1426198121,178,5078,17966,45983
MA,NORDESTE,433856249,200,2536,5174,19251
AP,NORTE,202311770,46,2174,3605,9951
DF,CENTRO-OESTE,190606263,84,1106,1529,5310
N/I,N/I,48274978,20,1714,1449,4329
RR,NORTE,22625494,19,531,349,1876
