nome_fabricante,cnpj_fabricante,valor_total,numero_compras,numero_medicamentos
SALDANHA RODRIGUES LTDA,03426484000123,22717950006.47,316,101
BLAU FARMACEUTICA S.A.,58430828000160,2279802483.36,2278,135
UNICHEM FARMACEUTICA DO BRASIL LTDA.,05399786000185,2166627033.91,499,37
ASTRAZENECA DO BRASIL LTDA.,60318797000100,1906572317.42,1316,92
EUROFARMA LABORATORIOS S.A.,61190096000192,1609390805.3,4744,638
AMGEN BIOTECNOLOGIA DO BRASIL LTDA.,18774815000193,1430109967.55,142,15
MESSER GASES LT,60619202000148,1279732742.84,10,8
VITAMEDIC INDUSTRIA FARMACEUTICA LTDA,30222814000131,1240738175.56,2045,123
JANSSEN-CILAG FARMACEUTICA LTDA,51780468000187,1021715625.73,583,84
NOVARTIS BIOCIENCIAS SA,56994502000130,967880014.48,2834,222
PFIZER BRASIL LTDA,61072393000133,864924375.46,399,74
NOVA QUIMICA FARMACEUTICA S/A,72593791000111,542655174.21,1571,238
MAQUIRA INDUSTRIA DE PRODUTOS ODONTOLOGICOS S.A.,05823205000190,486010574.73,1110,336
ACHE LABORATORIOS FARMACEUTICOS SA,60659463000191,470064736.27,680,250
GEOLAB INDUSTRIA FARMACEUTICA S/A,03485572000104,441764393.67,6870,407
LABORATORIO QUIMICO FARMACEUTICO BERGAMO LTDA,61282661000141,435104727.99,102,26
"PRATI, DONADUZZI & CIA LTDA",73856593000166,433575153.11,16417,545
PRODUTOS ROCHE QUIMICOS E FARMACEUTICOS S A,33009945000123,406320381.8,825,60
CRISTALIA PRODUTOS QUIMICOS FARMACEUTICOS LTDA,44734671000151,388331023.64,11708,372
LABORATORIO TEUTO BRASILEIRO S/A,17159229000176,378039891.82,8987,394
GREENPHARMA QUIMICA E FARMACEUTICA EM RECUPERACAO JUDICIAL LTDA,33408105000133,362046542.82,1256,34
EMS S/A,57507378000365,340982634.27,5934,548
SANOFI MEDLEY FARMACEUTICA LTDA,10588595001092,312241727.96,2036,311
BOEHRINGER INGELHEIM DO BRASIL QUIMICA E FARMACEUTICA LTDA.,60831658000177,297309953.57,1256,67
GLAXOSMITHKLINE BRASIL LTDA,33247743000110,275723449.38,1133,110
LABORATORIOS SERVIER DO BRASIL LTDA,42374207000176,264617537.29,560,36
PHARLAB INDUSTRIA FARMACEUTICA S.A,02501297000102,229801742.56,2878,158
TAKEDA PHARMA LTDA.,60397775000174,224158105.97,922,92
BRAINFARMA INDUSTRIA QUIMICA E FARMACEUTICA S.A.,05161069000110,208167968.98,2617,296
FARMACE - INDUSTRIA QUIMICO-FARMACEUTICA CEARENSE LTDA,06628333000146,202579103.93,5971,245
SANOFI MEDLEY FARMACEUTICA LTDA,10588595000363,169682164.77,444,136
ACHE LABORATORIOS FARMACEUTICOS SA,60659463002992,165810950.02,2378,378
ABBOTT LABORATORIOS DO BRASIL LTDA,56998701000116,157510872.02,1526,99
HIPOLABOR FARMACEUTICA LTDA,19570720000110,155806257.01,6850,173
SUN FARMACEUTICA DO BRASIL LTDA,05035244000123,143836998.73,483,73
UNIAO QUIMICA FARMACEUTICA NACIONAL S A,60665981000118,135934893.83,4956,272
EMS SIGMA PHARMA LTDA,00923140000131,134207938.33,1082,186
ANTIBIOTICOS DO BRASIL LTDA.,05439635000103,124476330.96,750,60
PTC FARMACEUTICA DO BRASIL LTDA.,25210463000109,122439682.36,15,4
CIMED INDUSTRIA S.A.,02814497000107,118998033.29,4414,228
BRISTOL-MYERS SQUIBB FARMACEUTICA LTDA.,56998982000107,118437535.12,122,26
BAYER S.A.,18459628000115,112505796.57,888,95
SANDOZ DO BRASIL INDUSTRIA FARMACEUTICA LTDA.,61286647000116,109429485.66,1921,189
EMS S/A,57507378000608,105300459.06,5159,639
RANBAXY FARMACEUTICA LTDA,73663650000190,102400550.85,2581,115
CRISTALIA PRODUTOS QUIMICOS FARMACEUTICOS LTDA,44734671000828,100955790.95,3630,351
ELI LILLY DO BRASIL LTDA,43940618000144,93521029.99,444,37
MERCK S/A,33069212000184,92357397.79,2090,116
PRODIET NUTRICAO CLINICA LTDA,08183359000153,80325384.03,105,54
NOVO NORDISK FARMACEUTICA DO BRASIL LTDA,82277955000155,80076559.76,756,34
ROCHE DIABETES CARE BRASIL LTDA,23552212000187,78616955.35,476,78
GERMED FARMACEUTICA LTDA,45992062000165,73419825.65,1243,278
FRESENIUS KABI BRASIL LTDA.,49324221000104,72111494.17,1314,138
DAIICHI SANKYO BRASIL FARMACEUTICA LTDA.,60874187000184,70467166.13,272,28
SUPPORT PRODUTOS NUTRICIONAIS LTDA,01107391000100,68914563.9,40,15
FIRSTLAB INDUSTRIA IMPORTACAO E EXPORTACAO DE PRODUTOS PARA LABORATORIOS LTDA,27089709000161,65174938.32,47,32
CHIESI FARMACEUTICA LTDA,61363032000146,61723883.37,710,56
GLENMARK FARMACEUTICA LTDA,44363661000157,55721033.81,300,25
BEAUFOUR IPSEN FARMACEUTICA LTDA.,07718721000180,55718278.34,30,7
SUPPORT PRODUTOS NUTRICIONAIS LTDA,01107390000000,55425915,3,2
ULTRA TEXTIL INDUSTRIA E COMERCIO DE PRODUTOS HOSPITALARES LTDA,40357820000150,54650507.45,11,9
LEGRAND PHARMA INDUSTRIA FARMACEUTICA LTDA,05044984000126,54444929.28,921,230
NATULAB LABORATORIO S.A,02456955000183,52068496.41,4011,242
LABORATORIOS FERRING LTDA,74232034000148,51884742.43,95,18
HYPOFARMA INSTITUTO DE HYPODERMIA E FARMACIA LTDA,17174657000178,50300814.08,3828,145
NATIVITA INDUSTRIA E COMERCIO LTDA,65271900000119,48816956.57,1143,58
CSL BEHRING COMERCIO DE PRODUTOS FARMACEUTICOS LTDA,62969589000198,48520356.86,86,12
EMS S/A,57507400000000,48134266.92,228,131
ACCORD FARMACEUTICA LTDA,64171697000146,48019154.69,673,67
VIDA BIOTECNOLOGIA LTDA,11308834000185,46499108.88,114,67
DR.REDDY'S FARMACEUTICA DO BRASIL LTDA,03978170000000,44036181.96,9,7
BIOMARIN BRASIL FARMACEUTICA LTDA,08002360000134,43470590.79,19,1
AUTO SUTURE DO BRASIL LTDA.,01645409000128,43205361.38,14,12
MERCK SHARP & DOHME FARMACEUTICA LTDA.,03560974000118,43203751.35,208,31
CELLTRION HEALTHCARE DISTRIBUICAO DE PRODUTOS FARMACEUTICOS DO BRASIL LTDA,05452889000161,42377073.04,42,5
BELFAR LTDA,18324343000177,42366612.95,1968,131
BOEHRINGER INGELHEIM DO BRASIL QUIMICA E FARMACEUTICA LTDA.,60831700000000,40867445.36,38,19
HIPOLABOR FARMACEUTICA LTDA,19570720000706,40122428.17,2801,229
ADIUM S.A.,55980684000127,39835822.4,370,49
DANONE LTDA,23643315011510,39236272.44,190,73
NOVARTIS BIOCIENCIAS SA,56994500000000,38892448.68,95,43
BIOGEN BRASIL PRODUTOS FARMACEUTICOS LTDA,07986222000174,37807329.73,38,7
UNITED MEDICAL LTDA,68949239000146,36777186.84,62,14
DESCARPACK DESCARTAVEIS DO BRASIL LTDA,01057428000133,36592743.49,578,299
BIOLAB SANUS FARMACEUTICA LTDA,49475833000106,36055050.92,1513,152
APSEN FARMACEUTICA S/A,62462015000129,35537940.24,942,89
FUNDACAO PARA O REMEDIO POPULAR FURP,43640754000119,34076254.28,142,48
GERMED FARMACEU,45992062000912,33755068.83,786,255
GRIFOLS BRASIL LTDA,02513899000171,33514295.32,36,14
SANVAL COMERCIO E INDUSTRIA LTDA,61068755000112,33405212.57,2363,96
HALEX ISTAR INDUSTRIA FARMACEUTICA SA,01571702000198,33301448.96,1390,83
MYLAN LABORATORIOS LTDA.,11643096000122,32522812.61,470,47
ASTRAZENECA DO BRASIL LTDA.,60318800000000,31689757.79,19,11
BIOLAB FARMA GENERICOS LTDA,33150764000112,30985994.62,606,173
NOVARTIS BIOCIE,56994502002779,30288571.23,453,114
ASTELLAS FARMA BRASIL IMPORTACAO E DISTRIBUICAO DE MEDICAMENTOS LTDA.,07768134000104,30233159.59,125,13
SANOFI MEDLEY FARMACEUTICA LTDA,10588595000797,28921078.51,287,119
DR.REDDY'S FARMACEUTICA DO BRASIL LTDA,03978166000175,28066937.93,89,24
COSMED INDUSTRIA DE COSMETICOS E MEDICAMENTOS S.A.,61082426000207,25862480.08,508,101
BOEHRINGER INGELHEIM DO BRASIL QUIMICA E FARMACEUTICA LTDA.,60831658002110,24581308.36,434,59
WYETH INDUSTRIA,61072393003906,24426493.04,70,28
LABORATORIOS PFIZER LTDA,46070868000169,24140732.32,168,75
CATALENT BRASIL LTDA.,45569555000197,24080333.23,7,7
MEDQUIMICA INDUSTRIA FARMACEUTICA LTDA.,17875154000120,23741416.11,1458,74
VOLPHARMA DISTRIBUIDORA DE PRODUTOS HOSPITALARES E FARMACEUTICOS LTDA,14665928000108,23730434.12,77,6
DANONE LTDA,23643300000000,23552298,1,1
DESCARPACK DESCARTAVEIS DO BRASIL LTDA,01057428000214,23179421.18,1390,438
OCTAPHARMA BRASIL LTDA.,02552927000160,21493454.7,10,3
DFL INDUSTRIA E COMERCIO S/A,33112665000146,20745712.65,348,82
BIOMM S/A,04752991000110,20532195.84,49,8
FOX INDUSTRIA E COMERCIO DE MATERIAIS MEDICOS E HOSPITALARES LTDA,28791011000156,20529402.69,10,8
ABBVIE FARMACEUTICA LTDA.,15800545000150,20417637.42,59,15
ZYDUS NIKKHO FARMACEUTICA LTDA,05254971000181,20174589.6,1508,86
MEDLEVENSOHN COMERCIO E REPRESENTACOES DE PRODUTOS HOSPITALARES LTDA,05343029000190,19993859.93,105,42
UNIAO QUIMICA F,60665981000975,19857126.69,1424,204
UNIAO QUIMICA FARMACEUTICA NACIONAL S A,60665981000541,19850235.64,686,154
MEDIX BRASIL LTDA,10268780000109,18300017.43,1413,572
BLAU FARMACEUTICA S.A.,58430828001301,18036341.97,587,84
JANSSEN-CILAG F,51780468000268,17858854.98,52,27
FARMOQUIMICA S A,33349473000158,17602459.37,1190,99
BRAINFARMA INDUSTRIA QUIMICA E FARMACEUTICA S.A.,05161069000978,17571870.97,625,123
JP INDUSTRIA FARMACEUTICA S/A,55972087000150,16544033.89,1057,45
BAYER S.A.,18459628009767,16470311.22,18,7
EMS S/A,57507378000101,16412030.73,437,164
AUROBINDO PHARMA INDUSTRIA FARMACEUTICA LIMITADA,04301884000175,16153405.3,385,57
EQUIPLEX INDUSTRIA FARMACEUTICA LTDA -,01784792000103,15947931.52,637,31
UNIAO QUIMICA FARMACEUTICA NACIONAL S A,60665981000207,15257218.1,986,183
PRODUTOS ROCHE QUIMICOS E FARMACEUTICOS S A,33009900000000,14522318.49,33,8
GE HEALTHCARE DO BRASIL COMERCIO E SERVICOS PARA EQUIPAMENTOS MEDICO-HOSPITALARES LTDA,00029372000140,14514220.99,21,5
LABORATORIOS B BRAUN SA,31673254000102,14261278.33,60,22
INDUSTRIA QUIMI,01541283000303,14260000,1,1
IMEC-INDUSTRIA DE MEDICAMENTOS CUSTODIA LTDA,08055634000153,14171692.13,605,44
GILEAD SCIENCES FARMACEUTICA DO BRASIL LTDA,15670288000189,13918090.58,5,2
CIFARMA CIENTIFICA FARMACEUTICA LTDA,17562075000169,13708734.12,362,55
HIPOLABOR FARMA,19570720000382,13156123.56,2013,184
TORRENT DO BRASIL LTDA,33078528000132,12969221.31,619,73
MAXICOR PRODUTOS MEDICOS LTDA,84966498000131,12261544.21,73,44
TEVA FARMACEUTICA LTDA.,05333542000108,12076756,81,22
ASPEN PHARMA INDUSTRIA FARMACEUTICA LTDA,02433631000120,12036356.5,412,78
CSL BEHRING COM,62969589001593,11597959.51,31,7
RANBAXY FARMACEUTICA LTDA,73663700000000,11521625.46,80,28
ACHE LABORATORIOS FARMACEUTICOS SA,60659500000000,11493270.55,123,82
PHARMASCIENCE INDUSTRIA FARMACEUTICA S.A,25773037000183,11430070.97,476,71
APSEN FARMACEUTICA S/A,62462000000000,11330412.96,33,22
LEO PHARMA LTDA,11424477000110,11271850.35,44,9
ABBOTT LABORATORIOS DO BRASIL LTDA,56998700000000,11047712.34,52,28
ORGANON FARMACEUTICA LTDA.,45987013000134,10996601.33,357,69
ALFAMEC COMERCI,13507989000176,10987374.34,187,52
LABORATORIOS PFIZER LTDA,46070868003699,10953420.93,170,54
LIBBS FARMACEUTICA LTDA,61230314000175,10756735.24,996,130
EUROFARMA LABORATORIOS S.A.,61190096000435,10546251.94,445,201
ABL - SAUDE LTD,06076833000112,10513170.24,245,32
GENZYME DO BRAS,68132950000103,10435972.43,5,5
AIRELA INDUSTRIA FARMACEUTICA LTDA,01858973000129,10426748.73,478,92
UCB BIOPHARMA LTDA.,64711500000114,10210090,153,23
FRESENIUS MEDICAL CARE LTDA,01440590000136,10128756.56,139,42
KEVENOLL DO BRASIL PRODUTOS MEDICOS HOSPITALARES LTDA,12936659000133,10018526.12,38,21
NEW IMPLA COMER,10192693000115,9689911.06,313,194
ALEXION SERVICOS E FARMACEUTICA DO BRASIL LTDA,10284284000149,9645528.76,6,3
INSTITUTO BIOCHIMICO INDUSTRIA FARMACEUTICA LTDA,33258401000103,9536060.12,185,29
CIMED INDUSTRIA S.A.,02814500000000,9413877.92,245,98
CIRURGICA PARAN,30766874000115,9240000,1,1
BIOTEXTIL INDUSTRIA E COMERCIO LTDA,01623403000150,9189583.79,118,45
BRASTERAPICA INDUSTRIA FARMACEUTICA LTDA.,46179008000168,9154574.55,430,35
PHARMASCIENCE INDUSTRIA FARMACEUTICA S.A,25773000000000,9089612.12,36,14
CHIESI FARMACEUTICA LTDA,61363000000000,9037301.8,17,10
MEDQUIMICA INDUSTRIA FARMACEUTICA LTDA.,17875154000391,8949294.26,1070,88
HF REPRESENTACA,49941123000116,8882995.21,262,151
FARMA VISION IMPORTACAO E EXPORTACAO DE MEDICAMENTOS LTDA,09058500000000,8841668.79,1,1
SANTISA LABORATORIO FARMACEUTICO S.A,04099395000182,8714588.97,1612,46
ORGANON FARMACEUTICA LTDA.,45987013000304,8682210.67,79,33
PRODUTOS ROCHE,33009945002924,8575377.61,13,8
BOEHRINGER INGELHEIM DO BRASIL QUIMICA E FARMACEUTICA LTDA.,60831658001220,8439480,1,1
IMPLANTEC MATERIAIS MEDICOS E HOSPITALARES LTDA,67577361000257,8219121.91,268,211
CELLERA FARMACEUTICA S.A.,33173097000274,8133913.51,526,59
MIDFARMA PRODUTOS FARMACEUTICOS LTDA.,13863381000184,8101994.04,74,6
NUNESFARMA DISTRIBUIDORA DE PRODUTOS FARMACEUTICOS LTDA,75014167000100,8002695.23,227,22
DENTEMED EQUIPAMENTOS ODONTOLOGICOS LTDA,07897039000100,7997065.84,86,43
ESPIRITO SANTO,28911309000152,7834609.08,1,1
LABORATORIO GLOBO SA,17115437000173,7679546.32,618,82
LABORATORIO FARMACEUTICO VITAMED LTDA,29346301000153,7672970.12,493,77
ALLERGAN PRODUTOS FARMACEUTICOS LTDA.,43426626000177,7562245.59,485,46
LABORATORIO TEUTO BRASILEIRO S/A,17159200000000,7537567.84,378,131
PRODUTOS ROCHE QUIMICOS E FARMACEUTICOS S A,33009945002339,7507481.79,24,11
PINT PHARMA PRODUTOS MEDICO-HOSPITALARES E FARMACEUTICOS LTDA,21896000000191,7497050.46,7,3
NUTRIEX INDUSTRIA DE NUTRACEUTICOS LTDA,22966065000129,7277044.85,47,22
FRESENIUS KABI BRASIL LTDA.,49324221000880,7262016.71,134,48
DEJAMARO INDUSTRIA E COMERCIO DE PRODUTOS MEDICOS-HOSPITALARES LTDA,27608037000153,6979751.9,38,25
BIODINAMICA QUIMICA E FARMACEUTICA LTDA,84833888000133,6745661.89,532,178
TEVA FARMACEUTICA LTDA.,05333540000000,6707467.9,12,8
1FARMA INDUSTRIA FARMACEUTICA LTDA,48113906000149,6645783.98,230,34
DANONE LTDA,23643315014293,6597412.31,28,16
KATAL BIOTECNOLOGICA INDUSTRIA E COMERCIO LTDA,71437917000104,6509738.3,10,10
NESTLE BRASIL LTDA.,60409075000667,6497334.03,92,63
"HEALTH CARE & DUBEBE COMERCIO, IMPORTACAO, EXPORTACAO DE PRODUTOS DE HIGIENE PESSOAL, COSMETICOS E PERFUMARIA LTDA",18252904000170,6402495.75,6,5
D.C.M.A. PRODUTOS MEDICOS E ODONTOLOGICOS LTDA,67566877000115,6380482.58,62,58
LM FARMA INDUSTRIA E COMERCIO LTDA,57532343000114,6344053.21,83,45
MAXI CONFORT IMPORTACAO E EXPORTACAO LTDA,20480457000158,6312299.23,56,17
CRISTALIA PRODUTOS QUIMICOS FARMACEUTICOS LTDA,44734700000000,6248106.75,148,75
BAXTER HOSPITALAR LTDA,49351786001071,6245109.74,19,12
MAWDSLEYS PHARMACEUTICALS DO BRASIL LTDA,19501429000190,6205126.98,46,4
CIFARMA CIENTIFICA FARMACEUTICA LTDA,17562075000320,6185759.56,182,35
ALTHAIA S.A. INDUSTRIA FARMACEUTICA,48344725000719,6170415.37,344,53
CHRON EPIGEN INDUSTRIA E COMERCIO LTDA,04415365000138,6043602.52,8,3
"PRATI, DONADUZZI & CIA LTDA",73856600000000,6005009.07,301,94
IFAL IND E COM DE PRODUTOS FARMACEUTICOS LTDA,00376959000126,5870906.95,479,88
MOMENTA FARMACEUTICA LTDA.,14806008000154,5706070.49,250,51
EUROFARMA LABORATORIOS S.A.,61190096000869,5699099.27,205,121
NESTLE BRASIL LTDA.,60409075000152,5645944.28,153,71
CELGENE BRASIL,17625281000170,5596876.24,22,5
PRODUTOS ROCHE,33009945000204,5587972.27,17,5
ACCUMED PRODUTOS MEDICO HOSPITALARES LTDA,06105362000123,5489109.33,143,61
SOIN VIE FARMACEUTICA E NUTRICAO LTDA,31374700000170,5444643.92,88,27
FRESENIUS KABI BRASIL LTDA.,49324221002077,5413788.79,310,78
VITA MEDICAL MATERIAL HOSPITALAR LTDA,10545970000126,5395652.46,72,62
EXCELMED DISTRIBUIDORA DE MATERIAIS MEDICOS E ODONTOLOGICOS LTDA,30518247000165,5376058.82,55,35
HIPOLABOR FARMACEUTICA LTDA,19570700000000,5310362.86,555,134
UNIAO QUIMICA FARMACEUTICA NACIONAL S A,60666000000000,5249331.72,290,105
ANTIBIOTICOS DO BRASIL LTDA.,05439640000000,5117407.5,26,15
ZERMATT INDUSTRIA E COMERCIO LTDA,04635188000103,5084651.46,73,19
SANVAL COMERCIO,61068755000627,5068104.39,252,34
CIMED INDUSTRIA S.A.,02814497000298,5000052.25,242,91
SAMTEC BIOTECNOLOGIA LTDA,04459117000199,4920952.75,1916,62
NOVAMED FABRICACAO DE PRODUTOS FARMACEUTICOS LTDA.,12424020000179,4904785.31,30,24
BLAU FARMACEUTICA S.A.,58430828000593,4901618.32,268,79
BAXTER HOSPITALAR LTDA,49351786000261,4891734.37,32,13
ARESE PHARMA LTDA.,07670111000154,4878803.84,221,35
SUN FARMACEUTICA DO BRASIL LTDA,05035240000000,4871764.2,7,7
MAPPEL INDUSTRIA DE EMBALAGENS S.A.,01233103000164,4871477.41,29,10
OLIMED MATERIAL HOSPITALAR S.A.,03033589000112,4854374.35,97,77
ANTIBIOTICOS DO,05439635000456,4854216.31,28,10
PHARLAB INDUSTR,02501297000285,4816985.88,798,93
AMED S/A,10403238000111,4787392.96,89,42
GLAXOSMITHKLINE BRASIL LTDA,33247743004450,4768087.23,55,26
FARMARIN INDUSTRIA E COMERCIO LTDA,58635830000175,4713047.36,108,30
CRISTALIA PRODUTOS QUIMICOS FARMACEUTICOS LTDA,44734671000402,4561024.2,116,75
IBF INDUSTRIA BRASILEIRA DE FILMES S/A.,33255787001163,4545752.06,61,21
"BIOMOLECULAR TECHNOLOGY COMERCIO, IMPORTACAO, EXPORTACAO E DISTRIBUICAO DE MATERIAIS MEDICOS E LABORATORIAIS LTDA",07767477000146,4498263.9,12,6
NATULAB LABORAT,02456955000426,4467765.17,113,47
AUROBINDO PHARMA PRODUTOS FARMACEUTICOS LIMITADA,07925705000169,4423403.08,179,42
BEKER PRODUTOS FARMACO HOSPITALARES LTDA,47231121000108,4331987.67,32,14
INJEX INDUSTRIAS CIRURGICAS LTDA,59309302000199,4326177.92,238,115
RECORDATI RARE DISEASES COMERCIO DE MEDICAMENTOS LTDA.,53056057000179,4321420.24,7,4
NATCOFARMA DO BRASIL LTDA,08157293000127,4243974.17,92,21
VIC PHARMA INDUSTRIA E COMERCIO LTDA,39032974000192,4233540.1,662,97
ABBOTT PRODUTOS,60499639000195,4208147.95,257,68
SANOFI MEDLEY FARMACEUTICA LTDA,10588600000000,4196792.46,32,25
MERCK S/A,33069200000000,4056744.61,94,18
CIRURGICA FERNANDES - COMERCIO DE MATERIAIS CIRURGICOS E HOSPITALARES - SOCIEDADE LIMITADA,61418042000131,4002959.33,733,414
CIPLA BRASIL IMPORTADORA E DISTRIBUIDORA DE MEDICAMENTOS LTDA.,18268051000164,3924462.22,7,4
CASA GRANADO LABORATORIOS FARMACIAS E DROGARIAS S A,33109400000000,3825119.41,234,222
STARMED ARTIGOS MEDICOS E HOSPITALARES LTDA,02223342000104,3808280.09,40,33
BIONATUS LABORATORIO BOTANICO LTDA,68032192000151,3761524.1,124,31
DANONE LTDA,23643315000152,3755667.44,128,62
CEPALAB LABORATORIOS S.A,02248312000144,3712631.66,35,24
RENYLAB - QUIMICA E FARMACEUTICA LTDA,00562583000144,3710886.66,43,32
GERMED FARMACEUTICA LTDA,45992100000000,3702957.17,113,68
SANOFI-AVENTIS,02685377000823,3672359.9,220,81
FRESENIUS HEMOCARE BRASIL LTDA.,49601107000427,3664864.07,178,66
NOVAFARMA INDUSTRIA FARMACEUTICA LTDA,06629745000109,3658633.74,440,68
J CARDOSO FILHO COMERCIO E SERVICOS,10243376000180,3642001.9,8,8
BEAUFOUR IPSEN FARMACEUTICA LTDA.,07718720000000,3564566.64,1,1
BLANVER FARMOQUIMICA E FARMACEUTICA S.A.,53359824000119,3528887.75,37,15
LABOR IMPORT COMERCIAL IMPORTADORA EXPORTADORA LTDA,01005728000179,3487066.9,1464,623
NUTRIEX INDUSTRIA DE COSMETICOS LTDA,15058160000169,3451708.1,244,56
MULTILAB INDUSTRIA E COMERCIO DE PRODUTOS FARMAC LTDA,92265552000140,3426018.19,265,90
BRASIL SUL INDUSTRIA E COMERCIO LTDA,40197840000100,3386259.96,7,7
BELFAR LTDA,18324300000000,3339785.6,136,45
UNIAO QUIMICA FARMACEUTICA NACIONAL S A,60665981000703,3333351.5,570,132
FARMAX S.A.,21759758000188,3328153.39,187,39
COMERCIAL PROMO,32624131000136,3326767.82,5,5
CIAMED - DISTRI,05782733000300,3300000,1,1
TECNOFIO INDUSTRIA E COMERCIO DE FIOS E MATERIAIS ISOLANTES LTDA,03578185000104,3278804.49,189,124
SANOFI-AVENTIS FARMACEUTICA LTDA,02685377000157,3255023.68,478,115
"BS EQUIPAMENTOS, INDUSTRIA E COMERCIO LTDA",04709243000154,3235519.84,9,7
LUIZA SCHULTZ C,20722331000142,3227335.38,118,34
BIOLAB SANUS FA,49475833001250,3216196.26,505,117
SANOFI SYNTHELA,61099966000112,3171049.28,99,60
EQUIPLEX INDUSTRIA FARMACEUTICA LTDA -,01784792000529,3167688.71,226,30
LUNDBECK BRASIL LTDA,04522600000170,3093875.18,161,18
"PRATI, DONADUZZ",73856593001057,3078917.49,141,76
BIOLAB SANUS FARMACEUTICA LTDA,49475833001501,3062659.25,212,73
CIEX DO BRASIL INDUSTRIA E COMERCIO DE PRODUTOS CIRURGICOS LTDA,93480192000161,3021458.37,238,55
LABORATORIO TEUTO BRASILEIRO S/A,17159229000842,3012809.85,502,149
TAKEDA PHARMA LTDA.,60397775000840,2979199.59,119,40
DIGUINHO INDUST,53918116000170,2926192.3,4,3
QUIMICA HALLER LTDA,33036815000180,2891493.61,13,9
POLAR FIX INDUSTRIA E COMERCIO DE PRODUTOS HOSPITALARES LTDA,02881877000164,2870761.56,445,140
INDUSTRIA FRONTINENSE DE LATEX SA,32407538000454,2851486.57,180,56
BIOMEDICAL EQUIPAMENTOS E PROD MEDICO-CIRURGICOS LTDA,51943645000107,2824262.14,70,31
DELFINI INDUSTRIA COMERCIO LTDA,01061762000160,2821061.84,3,2
UPJOHN BRASIL IMPORTADORA E DISTRIBUIDORA DE MEDICAMENTOS LTDA.,36674526000102,2766241.62,31,8
MUNDIPHARMA BRASIL PRODUTOS MEDICOS E FARMACEUTICOS LTDA.,15127898000130,2733551.2,74,14
ERIMAR INDUSTRIA E COMERCIO DE PRODUTOS PARA SAUDE LTDA,11463608000179,2682228.39,225,46
FUNDACAO PARA O REMEDIO POPULAR FURP,43640800000000,2674100,1,1
ANADONA COMERCIO E CONFECCOES LTDA,69348936000104,2654422.32,145,51
LABORATÓRIO TEU,17159229000257,2607188.71,293,129
LABORATORIO QUIMICO FARMACEUTICO BERGAMO LTDA,61282700000000,2602542.16,3,3
CELLTRION HEALTHCARE DISTRIBUICAO DE PRODUTOS FARMACEUTICOS DO BRASIL LTDA,05452890000000,2574644,2,2
SDI BRASIL PARTICIPACOES LTDA,00015955000112,2562892.86,62,16
