nome_fornecedor,cnpj_fornecedor,valor_total,numero_compras,numero_medicamentos,numero_mantenedoras
MEDICAL MERCANTIL DE APARELHAGEM MEDICA LTDA,10779833000156,22703314167.27,18,18,5
UNIQUE DISTRIBUIDORA DE MEDICAMENTOS LTDA,23864942000113,2181142701.05,118,95,21
DIMEVA DISTRIBUIDORA E IMPORTADORA LTDA,76386283000113,2138487973.35,1251,447,121
ASTRAZENECA DO BRASIL LTDA.,60318797000100,1872885788.06,131,29,21
ONCOVIT DISTRIBUIDORA DE MEDICAMENTOS LTDA,10586940000168,1536126908.88,428,264,31
OXIGENIO MODELO,27479311000131,1280371440,6,4,2
JETHAMED COMERC,34027398000171,1221137912.91,363,86,52
ATIVA COMERCIAL HOSPITALAR LTDA,04274988000138,1023934384.49,319,187,46
JANSSEN-CILAG FARMACEUTICA LTDA,51780468000268,808919768.55,166,44,14
DISTRIBUICAO DE MEDICAMENTOS PAMED LTDA,02424344000153,778308882.28,55,38,8
RG2S DISTRIBUID,31905076000190,734317314.58,476,180,77
CENTERMEDI-COMERCIO DE PRODUTOS HOSPITALARES LTDA,03652030000170,593224306.01,3982,510,181
AGIL MEDICAMENTOS LTDA,20590555000148,543960172.16,707,287,84
"MEGA DENTAL IMPORTACAO, EXPORTACAO E COMERCIO DE PRODUTOS ODONTOLOGICOS LTDA",25341162000114,507761663.03,390,292,10
FRAGNARI DISTRIBUIDORA DE MEDICAMENTOS LTDA.,14271474000182,450092458,1493,626,60
NOVARTIS BIOCIENCIAS SA,56994502002779,432945179.27,170,51,13
MEDILAR IMPORTACAO E DISTRIBUICAO DE PRODUTOS MEDICO HOSPITALARES S/A,07752236000123,408563587.33,2408,592,164
CRISTALIA PRODUTOS QUIMICOS FARMACEUTICOS LTDA,44734671000151,375783383.05,5599,289,175
CM HOSPITALAR S.A.,12420164000904,357525013.66,572,205,65
COMERCIAL CIRURGICA RIOCLARENSE LTDA,67729178000491,352429974.2,2767,472,166
LABORATORIO QUIMICO FARMACEUTICO BERGAMO LTDA,61282661000141,266868880,25,14,5
PRODUTOS ROCHE QUIMICOS E FARMACEUTICOS S A,33009945000204,257531081.97,121,23,14
PROMEFARMA MEDICAMENTOS E PRODUTOS HOSPITALARES LTDA,81706251000198,225777901.06,5788,687,222
"PRATI, DONADUZZI & CIA LTDA",73856593000166,210875678.68,1884,125,105
SOMA/SC PRODUTOS HOSPITALARES LTDA,05531725000120,192190974.74,787,304,13
NOVARTIS BIOCIENCIAS SA,56994502002698,182866857.34,39,16,11
CIAMED - DISTRIBUIDORA DE MEDICAMENTOS LTDA.,05782733000300,182829613.86,544,186,90
ONCO PROD DISTRIBUIDORA DE PRODUTOS HOSPITALARES E ONCOLOGICOS LTDA.,04307650002502,175512656.28,211,125,32
INOVAMED HOSPITALAR LTDA,12889035000102,169399640.83,6309,609,243
SANOFI MEDLEY FARMACEUTICA LTDA,10588595000363,167489869.72,17,14,6
PROVIP DISTRIBUIDORA HOSPITALAR LTDA,20202872000140,156377880.19,129,81,12
SANOFI MEDLEY FARMACEUTICA LTDA,10588595001092,155589687.6,157,46,14
UNIAO QUIMICA FARMACEUTICA NACIONAL S A,60665981000975,140432877.31,309,86,44
SUPPORT PRODUTOS NUTRICIONAIS LTDA,01107391001182,136723318.78,18,13,2
SULMEDIC COMERCIO DE MEDICAMENTOS LTDA,09944371000104,132548412.76,544,200,76
GC LAB DIAGNOSTICOS LTDA,20352354000102,122338299.3,115,78,2
SOMA/PR COMERCIO DE PRODUTOS HOSPITALARES LTDA,00656468000139,119133475.63,1307,384,82
BRISTOL-MYERS SQUIBB FARMACEUTICA LTDA.,56998982003122,114500447.99,71,9,18
F&F DISTRIBUIDORA DE MEDICAMENTOS LTDA,28093678000185,96847246.45,947,390,109
LEMED COMERCIO DE MATERIAL E MEDICAMENTOS HOSPITALARES EIRELI,37931064000116,96000464.05,70,68,7
INTERLAB FARMACEUTICA LTDA,43295831000140,93571347.89,1141,285,64
SOMA/SP PRODUTOS HOSPITALARES LTDA,05847630000110,93321823.8,1897,411,60
ALTERMED MATERIAL MEDICO HOSPITALAR LTDA,00802002000102,88706375.46,5070,1506,167
ONCO PROD DISTRIBUIDORA DE PRODUTOS HOSPITALARES E ONCOLOGICOS LTDA.,04307650001298,88253313.88,275,166,47
CENTERMEDI-COMERCIO DE PRODUTOS HOSPITALARES LTDA,03652030000332,88102950.8,1599,370,94
PONTAMED FARMACEUTICA LTDA,02816696000154,86186032.05,4511,538,153
ELFA MEDICAMENTOS S.A,09053134000145,86116986.85,291,157,42
DIMASTER - COMERCIO DE PRODUTOS HOSPITALARES LTDA.,02520829000302,81976650.54,398,165,27
FABMED DISTRIBUIDORA HOSPITALAR LTDA,05400006000170,81667471.7,405,197,18
DISK MED PADUA DISTRIBUIDORA DE MEDICAMENTOS LTDA,04216957000120,81615086.91,506,341,24
DIMASTER - COMERCIO DE PRODUTOS HOSPITALARES LTDA.,02520829000140,79129640.81,3026,346,207
PROHOSP DISTRIBUIDORA DE MEDICAMENTOS LTDA.,04355394000151,78626941.77,586,167,67
ALMINHANA COMERCIO E REPRESENTACAO LTDA,02873606000167,77823553.42,19,18,4
COSTA CAMARGO COM. DE PRODUTOS HOSPITALARES LTDA,36325157000134,77613739.95,581,311,50
BAYER S.A.,18459628009767,76355622.34,80,20,17
"LICIMED DISTRIBUIDORA DE MEDICAMENTOS, CORRELATOS E PRODUTOS MEDICOS E HOSPITALARES LTDA",04071245000160,74029337.83,737,290,70
CIAMED - DISTRIBUIDORA DE MEDICAMENTOS LTDA.,05782733000149,73850883.28,1333,343,129
AGLON COMERCIO E REPRESENTACOES LTDA,65817900000171,71197536.45,1276,251,95
FUTURA COMERCIO DE PRODUTOS MEDICOS E HOSPITALARES LTDA,08231734000193,68825254.74,764,236,58
FUNDO ESTADUAL DE SAUDE DO ESTADO DA BAHIA,05816630000152,68787977.35,2,2,1
CM HOSPITALAR S.A.,12420164000157,68054419.24,159,100,38
ABBOTT LABORATORIOS DO BRASIL LTDA,56998701003301,66458854.81,67,18,10
PARTNER FARMA DISTRIBUIDORA DE MEDICAMENTOS LTDA,28123417000160,66271219.73,884,202,59
DROGAFONTE LTDA,08778201000126,65266893.91,2225,480,126
HOSPINOVA DISTRIBUIDORA DE PRODUTOS HOSPITALARES LTDA.,12499494000260,64393938.73,63,50,11
BLAU FARMACEUTICA S.A.,58430828000160,64054050.71,69,32,11
NSA DISTRIBUIDORA DE MEDICAMENTOS LTDA,34729047000102,62198803.1,405,194,41
GLAXOSMITHKLINE BRASIL LTDA,33247743004450,60827983.79,30,15,10
NOVARTIS BIOCIENCIAS SA,56994502000644,60666628.79,17,12,2
FARMACE - INDUSTRIA QUIMICO-FARMACEUTICA CEARENSE LTDA,06628333000146,59898607.6,156,39,26
MEDCOM COMERCIO REPRESENTACOES E SERVICOS LTDA,06886136000127,59454262.56,145,129,6
BIOHOSP PRODUTOS HOSPITALARES SA,18269125000187,58701630.53,1264,420,70
ALMEIDA FARMACEUTICA LTDA,40455009000101,58475418.48,25,22,11
MEDCOM COMERCIO DE MEDICAMENTOS HOSPITALARES LTDA,25211499000107,58096041.92,58,47,2
CRISTALIA PRODUTOS QUIMICOS FARMACEUTICOS LTDA,44734671002286,57880727.24,834,161,53
CIENTIFICA MEDICA HOSPITALAR LTDA,07847837000110,57765706.62,319,231,24
PTC FARMACEUTICA DO BRASIL LTDA.,25210463000370,57049290.36,13,3,6
NOVARTIS BIOCIENCIAS SA,56994502009862,57039516.72,5,5,1
MULTICARE PHARMACEUTICALS LTDA,24331585000190,55329065.44,28,4,11
JANSSEN-CILAG FARMACEUTICA LTDA,51780468000187,49969219.56,32,19,7
CALL MED COMERCIO DE MEDICAMENTOS E REPRESENTACAO LTDA,05106015000152,49961935.48,94,69,10
NOVARTIS BIOCIENCIAS SA,56994502000130,49757901.9,21,17,6
NOVA MEDICAMENTOS LTDA,41365113000178,48378429.73,484,222,73
MEDIGRAM COMERCIO DE MEDICAMENTOS LTDA,04470877000105,46905893.38,1833,712,71
MEDICOM RIO FARMA LTDA,39499710000143,46844193.64,85,64,12
W. A. COMERCIO,07238104000188,46724858.55,6,6,3
ANTIBIOTICOS DO BRASIL LTDA.,05439635000456,45464232.27,188,31,42
SULMEDIC COMERCIO DE MEDICAMENTOS LTDA,09944371000368,45249677.88,86,69,20
FRESENIUS KABI BRASIL LTDA.,49324221001690,44673725.46,299,33,37
MEDTRONIC COMERCIAL LTDA,01772798000233,43426492.6,92,18,10
TC ATUAL COMERCIO DE MEDICAMENTOS LTDA,10493969000103,42960014.57,54,44,21
CIMED INDUSTRIA S.A.,02814497000700,42605215.18,329,53,47
CSL BEHRING COMERCIO DE PRODUTOS FARMACEUTICOS LTDA,62969589001593,39705173.75,15,7,6
MARCA DISTRIBUIDORA DE MEDICAMENTOS E MATERIAIS HOSPITALARES LTDA,16665873000153,39074191.14,9,8,2
AMGEN BIOTECNOLOGIA DO BRASIL LTDA.,18774815000193,38523440.55,40,12,6
UNI HOSPITALAR LTDA,07484373000124,37126612.39,209,129,20
BOEHRINGER INGELHEIM DO BRASIL QUIMICA E FARMACEUTICA LTDA.,60831658000177,36736003.7,6,4,3
MERCK S/A,33069212001237,36690476.6,13,7,7
CONQUISTA DISTRIBUIDORA DE MEDICAMENTOS E PRODUTOS HOSPITALARES LTDA,12418191000195,36407484.75,496,140,113
FUNDACAO PARA O REMEDIO POPULAR FURP,43640754000119,36213594.63,39,21,1
ELI LILLY DO BRASIL LTDA,43940618000144,35971170.31,51,16,14
BUTERI COMERCIO E REPRESENTACOES LTDA,31474414000186,34955397.3,131,95,11
MCW PRODUTOS MEDICOS E HOSPITALARES LTDA,94389400000184,34732663.06,680,280,97
PORTAL LTDA,05005873000100,34340373.86,737,163,48
PHARMA LOG PRODUTOS FARMACEUTICOS LTDA,13485130000103,32917660.21,701,341,54
RF PRODUTOS HOSPITALARES E ODONTOLOGICOS LTDA,43751565000113,31517318.84,167,147,4
MEDILAR IMPORTACAO E DISTRIBUICAO DE PRODUTOS MEDICO HOSPITALARES S/A,07752236000808,31516193.07,28,26,3
CM HOSPITALAR S.A.,12420164000319,31498552.89,328,155,53
"DUPATRI HOSPITALAR COMERCIO, IMPORTACAO E EXPORTACAO LTDA.",04027894000750,31262295.83,962,330,61
MERCO SOLUCOES EM SAUDE S/A,05912018000183,31260313.06,321,138,59
GRAMS & GRAMS LTDA.,10448145000103,31201005.47,1555,530,75
LABORATORIO TEUTO BRASILEIRO S/A,17159229000176,31183889.87,101,47,35
JN-MAXIMED COMERCIO DE PRODUTOS HOSPITALARES LTDA.,18279039000155,29906668.08,4,4,2
"SUPREMA DENTAL IMPORTACAO, EXPORTACAO E COMERCIO DE PRODUTOS ODONTOLOGICOS LTDA",28820255000110,29607256.84,356,311,8
ONCO PROD DISTRIBUIDORA DE PRODUTOS HOSPITALARES E ONCOLOGICOS LTDA.,04307650000135,29356490.33,51,41,8
MEDFUTURA DISTRIBUIDORA DE MEDICAMENTOS E PRODUTOS DE SAUDE LTDA,17700763000148,27981734.46,34,33,10
DAKFILM COMERCIAL LTDA,61613881000100,26416503.6,189,30,37
SUPPORT PRODUTOS NUTRICIONAIS LTDA,01107391001263,25788313.13,41,26,5
RIOBAHIAFARMA COMERCIO E DISTRIBUICAO DE PRODUTOS MEDICOS E COSMETICOS LTDA,15145035000196,25298926.11,78,54,15
ONCO PROD DISTRIBUIDORA DE PRODUTOS HOSPITALARES E ONCOLOGICOS LTDA.,04307650000305,25274421.63,52,46,12
DESTRA DISTRIBUIDORA DE MEDICAMENTOS LTDA,41511821000170,24851305.48,438,80,65
ESPIRITO SANTO DISTRIBUIDORA DE PRODUTOS HOSPITALARES LTDA,28911309000152,24834799.83,113,73,46
ACACIA COMERCIO DE MEDICAMENTOS LTDA,03945035000191,24625181.5,2846,728,97
VICTORIA COMERCIO DE PRODUTOS HOSPITALARES LTDA,00088317000121,24072387.45,254,100,20
BOEHRINGER INGE,60831658002110,23736086.74,18,8,4
CIRURGICA ITAMARATY COMERCIAL LTDA,29426310000154,23694047.99,97,91,31
SUPPORTE COMERCIAL HOSPITALAR LTDA,14575367000148,23552298,1,1,1
GOLDENPLUS - COMERCIO DE MEDICAMENTOS E PRODUTOS HOSPITALARES LTDA,17472278000164,23459110.65,889,368,104
"PRATI, DONADUZZI & CIA LTDA",73856593001057,23340715.74,203,41,6
PRODUTOS ROCHE QUIMICOS E FARMACEUTICOS S A,33009945002339,23056705.42,2,2,1
MED CENTER COMERCIAL LTDA,00874929000140,22595475.63,1281,472,95
ILG COMERCIAL LTDA,20657155000102,22586268.16,1777,704,79
DANIELA CRISTIN,15329061000174,22461869.11,93,76,13
AR FIORENZANO DISTRIBUIDORA DE MEDICAMENTOS LTDA,10869890000126,22167309.74,205,129,39
CIRURGICA SANTA CRUZ COM. DE PRODUTOS HOSPITALARES LTDA.,94516671000234,21867718.12,202,112,29
RS - PRODUTOS HOSPITALARES LTDA,06294126000100,21728874.77,1072,322,30
AVAREMED DISTRIBUIDORA DE MEDICAMENTOS LTDA,11195057000100,21718579,1086,590,37
FOX INDUSTRIA E COMERCIO DE MATERIAIS MEDICOS E HOSPITALARES LTDA,28791011000156,20529678.3,9,8,3
ONCO PROD DISTRIBUIDORA DE PRODUTOS HOSPITALARES E ONCOLOGICOS LTDA.,04307650001530,20492564.14,107,80,24
BIOMM S/A,04752991000110,20093361.48,4,1,3
A G KIENEN & CIA LTDA,82225947000165,19808808.53,768,287,97
STOCK MED S.A,06106005000180,19527480.7,453,254,84
DISTRIMED COMERCIO E REPRESENTACOES LTDA,08516958000141,19439269.49,2097,819,12
FIVE MED DISTRIBUIDORA DE MEDICAMENTOS LTDA,30535468000141,18402700.4,197,114,6
PRODUTOS ROCHE QUIMICOS E FARMACEUTICOS S A,33009945000123,18232852.84,14,11,5
HEALTH DISTRIBUIDORA DE MEDICAMENTOS LTDA,35472743000149,18154648.85,264,152,21
GERMED FARMACEUTICA LTDA,45992062000165,17811179.62,11,8,4
FARMALIBRA COMERCIO DE PRODUTOS HOSPITALARES LTDA,00809672000142,17525883.76,98,60,3
SINERGIA FARMACEUTICA LTDA,35186943000135,17386538.24,489,182,31
CRISTALIA PRODUTOS QUIMICOS FARMACEUTICOS LTDA,44734671000828,17135248.01,504,148,57
HALEX ISTAR INDUSTRIA FARMACEUTICA SA,01571702000198,17084379.97,126,32,47
BOEHRINGER INGELHEIM DO BRASIL QUIMICA E FARMACEUTICA LTDA.,60831658001220,17069591.04,3,3,2
PFIZER BRASIL LTDA,61072393003906,17045044.42,9,8,4
JT MEDICAMENTOS LTDA,51892897000146,16937564,117,73,23
ELFA MEDICAMENTOS S.A,09053134000226,16511397.15,34,29,14
COMERCIAL CIRURGICA RIOCLARENSE LTDA,67729178000149,16371804.86,531,226,48
CIRURGICA SANTA CRUZ COM. DE PRODUTOS HOSPITALARES LTDA.,94516671000153,16359522.61,453,192,36
LOGER DISTRIBUI,27600270000190,16310244.29,536,221,24
AUDAX MED PRODUTOS MEDICOS HOSPITALARES LTDA,21881617000133,16088077.86,49,42,1
ARMAZEM DOS MEDICAMENTOS LTDA,27718661000103,16074726.88,838,368,22
LIGIA MARIA CAR,29228930000189,15797436.13,565,217,57
BS DISTRIBUIDORA HOSPITALAR LTDA,32910616000196,15789289.76,802,403,12
MAIS SAUDE COMERCIO DE PRODUTOS HOSPITALARES LTDA,14261377000109,15422755.9,109,73,7
J R G DISTRIBUIDORA DE MEDICAMENTOS HOSPITALARES LTDA,04380569000180,15327140.48,86,54,13
DL DISTRIBUIDORA DE MEDICAMENTOS LTDA,31556536000111,15239004.91,47,30,18
COMERCIAL CIRURGICA RIOCLARENSE LTDA,67729178000572,15174579.31,305,139,55
COMERCIAL MOSTA,11563145000117,15044023.24,54,43,6
I9 DISTRIBUICAO,21152532000114,14901876.66,52,52,2
MEDICAMENTAL HOSPITALAR LTDA,31378288000166,14618163.25,29,17,14
WERBRAN DISTRIBUIDORA DE MEDICAMENTOS LTDA,04372020000144,14594193.28,494,231,94
GEORGINI PRODUTOS HOSPITALARES LTDA,10596721000160,14592909.1,273,160,48
REPRESS DISTRIBUIDORA DE MEDICAMENTOS LTDA,03948933000101,14454575.87,339,246,9
DROGARIAS FARMACESA LTDA,17019854000465,14358905.62,26,26,1
QUALITY MEDICAL COMERCIO E DISTRIBUIDORA DE MEDICAMENTOS LTDA,07118264000193,14333696.58,364,258,13
INDUSTRIA QUIMI,01541283000303,14260000,1,1,1
TOP NORTE COMERCIO DE MATERIAL MEDICO HOSPITALAR LTDA,22862531000126,13969873.74,429,165,74
AUROBINDO PHARMA INDUSTRIA FARMACEUTICA LIMITADA,04301884000175,13950859.63,73,20,22
HMEDIC DISTRIBU,72677933000129,13832133.99,9,6,4
FRESENIUS KABI BRASIL LTDA.,49324221000104,13799162.48,73,27,19
"VIER PHARMA DISTRIBUIDORA HOSPITALAR, REPRESENTACAO E CONSULTORIA LTDA",12419620000149,13663706.09,68,45,7
ONCOVIT DISTRIBUIDORA DE MEDICAMENTOS LTDA,10586940000320,13637746.96,8,8,3
CHIESI FARMACEUTICA LTDA,61363032001541,13616424.98,20,14,5
CIRURGICA MONTEBELLO LTDA,08674752000140,13587012.43,1070,385,54
CIRURGICA NOSSA SENHORA LTDA,24586988000180,13467051.65,2999,686,114
CM HOSPITALAR S.A.,12420164002109,13204183.84,40,35,6
CIRURGICA JAW COMERCIO DE MATERIAL MEDICO HOSP LTDA,79250676000193,13103631.83,16,14,4
ABC DISTRIBUIDORA DE MEDICAMENTOS LTDA,12014370000167,12856781.83,593,309,63
POSITIVA COMERCIAL LTDA,31504150000166,12791529.5,162,122,7
TRES LEOES MATERIAL HOSPITALAR LTDA,00175233000125,12481453.08,79,65,2
ONCO PROD DISTRIBUIDORA DE PRODUTOS HOSPITALARES E ONCOLOGICOS LTDA.,04307650002693,12474706.68,30,26,7
UNIKA DISTRIBUIDORA DE MEDICAMENTOS LTDA,38412948000127,12235335,1,1,1
CROMO COMERCIO E DISTRIBUICAO DE MATERIAIS ODONTO-MEDICO HOSPITALARES LTDA.,30584194000180,12177640.47,6,3,4
"PRATI, DONADUZZI & CIA LTDA",73856593001138,12017324.06,41,28,7
CHIESI FARMACÊU,61363032000146,11976497.65,24,11,9
JOAOMED COMERCIO DE MATERIAIS CIRURGICOS S/A,78742491000133,11762557.93,162,137,10
MKM DISTRIBUIDORA DE MEDICAMENTOS LTDA,30526342000100,11585324.73,30,23,8
MULTILAB INDUSTRIA E COMERCIO DE PRODUTOS FARMAC LTDA,92265552000140,11335834.62,1,1,1
GM FARMA COMERCIAL LTDA,10638214000141,11317686.3,338,305,10
CIMED INDUSTRIA S.A.,02814497000298,10430657.39,12,11,3
BAYER S.A.,18459628000115,10430539.21,9,5,3
EXOMED COMERCIO ATACADISTA DE MEDICAMENTOS LTDA,12882932000194,10419590.51,23,20,7
BIOLAB SANUS FA,49475833001684,10353140.96,17,14,9
CIRURGICA PARANAVAI LTDA,30766874000115,10228947.86,349,280,29
AIRMED LTDA,23637718000199,10178379.25,26,23,5
CMH - CENTRAL DE MEDICAMENTOS HOSPITALARES LTDA,23228076000174,10061191.16,2429,830,109
NOVO NORDISK FARMACEUTICA DO BRASIL LTDA,82277955000155,9999036.23,13,6,4
TRIMEDCALL COMERCIO DE MATERIAIS MEDICOS E HOSPITALARES LTDA,07090403000118,9983063.44,12,10,4
"MAXIMA DENTAL IMPORTACAO, EXPORTACAO E COMERCIO DE PRODUTOS ODONTOLOGICOS LTDA",28857335000140,9961367.04,609,382,9
ATONS DO BRASIL DISTRIBUIDORA DE PRODUTOS HOSPITALARES LTDA,09192829000108,9958405.67,258,93,67
FRESENIUS KABI BRASIL LTDA.,49324221000880,9751244.36,23,15,7
MEDCOM COMERCIO DE MEDICAMENTOS HOSPITALARES LTDA,25211499000379,9704370.46,35,23,5
SEMEAR DISTRIBUIDORA LTDA,10269296000102,9591954.6,132,96,23
MEDICOM LTDA,22635177000105,9478040.1,40,21,19
CIRURGICA OLIMPIO LTDA,01140868000150,9450921.32,1781,646,46
UP DISTRIBUIDORA LTDA,44152616000153,9266695.76,144,89,26
ALIANCA HOSPITALAR LTDA,21368399000138,9200498.7,85,78,5
C. O DE SOUZA,30788967000140,9189987.67,14,14,3
BAXTER HOSPITAL,49351786001071,9170129.89,34,9,8
FARMA VISION IMPORTACAO E EXPORTACAO DE MEDICAMENTOS LTDA,09058502000148,9015963.89,2,2,2
S & R DISTRIBUIDORA LTDA,04889315000192,8959921.72,513,326,31
BIOTEC BIOLOGICA INDUSTRIA FARMACEUTICA LTDA,10446719000104,8531764.92,1,1,1
MG2 DISTRIBUIDORA DE MEDICAMENTOS LTDA,47893919000115,8463301.23,172,76,33
JGM PRODUTOS PARA SAUDE LTDA,38460625000109,7981478.72,558,395,20
SUPPLEX COMERCIO E SERVICOS LTDA,18809570000354,7936720.78,26,26,1
GLOBOMED DISTRIBUIDORA DE MEDICAMENTOS LTDA,31009591000191,7904552.4,58,43,1
ACCORD FARMACEUTICA LTDA,64171697000499,7889105.98,7,5,4
"TECHPHARMA HOSPITALAR COMERCIO, IMPORTACAO E EXPORTACAO LTDA",35067853000125,7824085.15,106,51,44
DISTRIBUIDORA DE MEDICAMENTOS BACKES LTDA,25279552000101,7704450.92,1362,587,138
MEDITON FARMACEUTICA LTDA -,29614830000190,7653559.53,166,129,20
INDMED HOSPITALAR LTDA,24614797000185,7640033.46,233,98,29
UNITED MEDICAL,68949239000146,7598352,1,1,1
SINERGIA COMERC,07763606000128,7495678.63,4,4,1
HOSPITALARES - DISTRIBUIDORA DE MEDICAMENTOS E CORRELATOS LTDA,26364969000135,7448257.59,187,135,14
UNIAO QUIMICA FARMACEUTICA NACIONAL S A,60665981000118,7388216.4,18,12,10
HEALTH CARE & D,18252904000170,7176313.24,21,11,9
HOSPFAR INDUSTRIA E COMERCIO DE PRODUTOS HOSPITALARES S.A.,26921908000121,7153216.02,32,21,12
DENTEMED EQUIPAMENTOS ODONTOLOGICOS LTDA,07897039000100,7149523.78,18,16,4
"DMC DISTRIBUIDORAS, COMERCIO D MEDICAMENTOS LTDA",16970999000131,7141888.3,365,229,71
NORD PRODUTOS EM SAUDE LTDA,35753111000153,7099429.18,44,34,12
MULTIFARMA COMERCIO E REPRESENTACOES LTDA.,21681325000157,6875039.37,243,86,46
ONCOEXO DISTRIBUIDORA DE MEDICAMENTOS LTDA,08958628000459,6781833.09,2,2,1
R.A.P.-APARECIDA - COMERCIO DE MEDICAMENTOS LTDA,06968107000104,6770579.47,1926,776,40
HOSP - LOG COMERCIO DE PRODUTOS HOSPITALARES LTDA,06081203000136,6728469.11,38,34,11
"NNMED - DISTRIBUICAO, IMPORTACAO E EXPORTACAO DE MEDICAMENTOS LTDA",15218561000139,6692353.01,1229,533,32
COMERCIAL VALFA,02600770000109,6691956.15,24,20,9
COMERCIAL CIRURGICA RIOCLARENSE LTDA,67729178000220,6658054.07,486,189,44
COMERCIAL CIRURGICA RIOCLARENSE LTDA,67729178000653,6645630.48,69,62,10
NOVO NORDISK FARMACEUTICA DO BRASIL LTDA,82277955000740,6579309.33,28,9,6
ESSENCIA HOSPITALAR LTDA,35153207000180,6514547.58,140,107,10
ALTAMED DISTRIBUIDORA DE MEDICAMENTOS LTDA,21581445000182,6464656.48,497,391,7
GLENMARK FARMAC,44363661000580,6417763.28,4,4,2
BONATTO DISTRIBUIDORA  DE MEDICAMENTOS LTDA,47365250000199,6383539.34,25,23,4
GEOLAB INDUSTRIA FARMACEUTICA S/A,03485572000104,6306297.86,48,27,18
HOSPFAR INDUSTRIA E COMERCIO DE PRODUTOS HOSPITALARES S.A.,26921908000202,6272717.89,52,36,21
SAMEH SOLUCOES HOSPITALARES LTDA,25031668000127,6150421.5,69,35,7
ABBVIE FARMACEUTICA LTDA.,15800545000311,6031039.49,30,11,16
FUTURA COMERCIO DE MOVEIS E ELETRO LTDA,05344894000150,6020736.13,16,15,2
SUN FARMACEUTICA DO BRASIL LTDA,05035244000123,6000760.88,1,1,1
ONCOEXO DISTRIBUIDORA DE MEDICAMENTOS LTDA,08958628000297,5880307.5,29,25,4
VITAL HOSPITALAR COMERCIAL LTDA,61610283000188,5865221.33,140,106,7
COMERCIAL CIRURGICA RIOCLARENSE LTDA,67729178000734,5855169.76,6,6,3
FRESENIUS KABI BRASIL LTDA.,49324221002077,5805744.25,59,32,23
"SAO MARCOS DISTRIBUIDORA DE MEDICAMENTOS, EQUIPAMENTOS E MATERIAIS HOSPITALARES E ODONTOLOGICOS LTDA",03894963000174,5805590.52,2857,1101,15
SUPERMEDICA DISTRIBUIDORA HOSPITALAR LTDA,06065614000138,5717730,73,65,16
JC PRODUTOS FARMACEUTICOS E HOSPITALARES LTDA,11101919000198,5708103.82,33,23,18
SUPRA DISTRIBUIDORA LTDA,14792179000171,5682391.9,6,5,5
ACCORD FARMACEUTICA LTDA,64171697000146,5651147.95,30,15,11
HOSPIDROGAS COMERCIO DE PRODUTOS HOSPITALARES LTDA,35997345000146,5638649.45,954,453,25
TRES PHARMA DISTRIBUIDORA E SERVICOS LTDA,26401571000121,5608773.05,62,55,10
LABORATORIOS B BRAUN SA,31673254001095,5567072.96,29,12,11
MS HOSPITALAR LTDA,36191620000100,5559842.4,252,146,19
EMS S/A,57507378000365,5527239.64,42,32,13
ONMED DISTRIBUIDORA DE MEDICAMENTOS LTDA,34707920000166,5523450.18,58,47,5
GLORIA FARMA DI,10436883000130,5494424.47,292,153,12
IASMINE SOARES BEZERRA,20653373000179,5462238.43,353,222,1
DIMEBRAS COMERCIAL HOSPITALAR LTDA,56081482000106,5394158.73,892,314,63
UNIAO QUIMICA F,60665981000207,5362503.9,3,3,2
MAWDSLEYS PHARMACEUTICALS DO BRASIL LTDA,19501429000271,5329042.2,2,1,2
BIOLAB SANUS FARMACEUTICA LTDA,49475833001765,5317083.22,28,15,9
BELLPHARMA MEDICAMENTOS LTDA,26089337000100,5290133.93,185,118,27
SIDD COMERCIAL DISTRIBUIDORA DE MEDICAMENTOS LTDA,00203590000150,5261197.76,27,23,5
DISTRIBUIDORA D,10645510000170,5253428.86,1684,614,14
CIRURGICA RECIFE COMERCIO E REPRESENTACOES LTDA,00236193000184,5244643.22,782,520,7
VIA MEDICAMENTOS COMERCIO E CONSULTORIA EM SAUDE LTDA,10495121000105,5203282.82,411,349,1
JASMED DISTRIBUIDORA DE MEDICAMENTOS LTDA,30553793000137,5184494.31,65,32,2
SANTE MEDICA HOSPITALAR LTDA,16699864000183,5147222.41,31,28,2
MT COMERCIAL MEDICA LTDA,07946534000154,5131522.72,37,34,6
F CARDOSO E CIA LTDA,04949905000163,5064350.26,383,290,11
GRIFOLS BRASIL LTDA,02513899000252,5033131.39,3,1,1
ESPECIFARMA COM DE MEDICAMENTOS E PRO HOSPITALARES LTDA,00085822000112,5007882.1,120,102,11
MULTIHOSP COMERCIAL DE PRODUTOS HOSPITALARES LTDA,32421421000182,4988343.32,304,162,48
NUNESFARMA DISTRIBUIDORA DE PRODUTOS FARMACEUTICOS LTDA,75014167000100,4976958.7,83,18,43
EUROFARMA LABORATORIOS S.A.,61190096000192,4973180.79,23,19,5
MARYMED DISTRIBUIDORA DE MEDICAMENTOS E CORRELATOS LTDA,23121920000163,4949427.29,1078,643,34
LONDRICIR COMERCIO DE MATERIAL HOSPITALAR LTDA,00339246000192,4856367.52,87,67,18
ANTIBIOTICOS DO BRASIL LTDA.,05439635000294,4828417.29,10,7,4
A.D. DAMINELLI LTDA,10749758000180,4802909.26,384,296,50
CIMED INDUSTRIA S.A.,02814497000107,4740753.24,21,17,10
C G FARMA DISTRIBUIDORA LTDA,29565364000109,4647756.86,617,451,3
CEPALAB LABORATORIOS S.A,02248312000144,4605995.22,24,20,15
