uf,leitos_gerais,leitos_sus,leitos_uti,leitos_uti_sus,uti_adulto,uti_pediatrico,uti_neonatal,uti_coronariana,uti_queimado,numero_instituicoes,populacao_uf
SP,137589,73622,17225,7428,11867,2232,2597,436,93,1607,44411238
RJ,72651,33630,11253,2536,7584,1149,2204,297,19,926,16055174
MG,60793,39756,6457,3754,4490,638,1031,281,17,947,20539989
BA,42657,32246,3615,1725,2656,359,552,42,6,896,14141626
PR,40692,27534,3943,2335,2899,323,658,46,17,720,11444380
RS,39882,26962,3205,1935,2303,316,550,32,4,488,10882965
PE,35456,23169,3391,1491,2489,478,300,122,2,569,9058931
CE,26813,19606,1969,1217,1338,200,340,85,6,426,8794957
GO,26743,16529,2305,1093,1659,234,315,69,28,651,7056495
PA,23995,16431,1846,1063,1240,252,330,22,2,425,8121025
MA,23650,19497,1399,813,995,154,198,52,0,488,6775805
SC,20428,14617,2021,1353,1329,242,414,28,8,317,7610361
PB,14432,10914,1137,672,764,152,151,64,6,325,3974687
DF,13821,6121,2558,648,1805,354,279,106,14,153,2817381
ES,12227,8030,1833,943,1200,166,295,160,12,179,3833712
MT,12128,8140,1483,510,1002,216,230,29,6,288,3658649
RN,11443,8829,1015,502,694,122,174,25,0,301,3302729
AL,10386,8157,742,512,493,95,134,20,0,155,3127683
PI,10064,7634,626,334,436,71,115,4,0,259,3271199
AM,8734,6552,939,453,595,157,157,30,0,145,3941613
MS,8291,5246,847,450,568,90,131,58,0,181,2757013
RO,7079,5133,730,311,527,66,125,8,4,169,1581196
SE,5282,3948,546,290,346,80,90,30,0,89,2210004
TO,4705,3492,524,202,343,58,85,26,12,115,1511460
AP,2351,1821,246,79,154,36,56,0,0,33,733759
RR,2062,1723,114,90,69,20,25,0,0,31,636707
AC,1947,1703,121,81,83,11,27,0,0,36,830018
N/I,242,63,0,0,0,0,0,0,0,7,
