competencia,leitos_gerais,leitos_sus,leitos_uti,leitos_uti_sus,numero_instituicoes
2007-07,478626,358306,8185,3513,7400
2007-08,478340,357647,8325,3537,7400
2007-09,475461,355441,8405,3537,7362
2007-10,476216,356105,8614,3542,7364
2007-11,474506,354706,8758,3551,7337
2007-12,474621,353626,8794,2813,7358
2008-01,476589,353923,9140,2786,7371
2008-02,476736,353727,9438,2904,7370
2008-03,466014,345599,9478,2814,7306
2008-04,471005,348445,9958,2770,7325
2008-05,471230,348012,10208,2774,7323
2008-06,490823,350526,26508,2856,7363
2008-07,490344,350062,26606,2910,7361
2008-08,494508,358488,30520,11500,7363
2008-09,494873,359101,30797,12211,7364
2008-10,496129,359759,31204,12630,7368
2008-11,496446,360985,31227,13735,7379
2008-12,497190,361800,31435,14087,7381
2009-01,497544,361850,31589,14094,7392
2009-02,498632,361314,31697,14099,7404
2009-03,498711,361197,31537,14092,7402
2009-04,499683,361253,31536,14124,7421
2009-05,499842,361318,31699,14354,7428
2009-06,499624,361510,31647,14712,7435
2009-07,499887,361045,31743,14822,7441
2009-08,499190,359706,31894,14985,7434
2009-09,498838,359870,31879,15064,7432
2009-10,499002,359847,31812,15047,7430
2009-11,498940,359502,31879,15121,7430
2009-12,498686,359506,31462,15212,7445
2010-01,498705,359124,31533,15281,7438
2010-02,498692,359108,31588,15348,7436
2010-03,499582,359128,31801,15509,7424
2010-04,498872,358782,32131,15750,7413
2010-05,499130,358649,32267,15735,7420
2010-06,499670,358896,32376,15818,7422
2010-07,501125,359048,32711,15876,7427
2010-08,501310,358791,32868,15919,7420
2010-09,502566,359608,32905,15898,7426
2010-10,503006,359708,33234,15925,7430
2010-11,502837,359164,33283,16013,7430
2010-12,503396,358474,33360,16090,7442
2011-01,502427,358191,33573,16067,7435
2011-02,502686,358274,33672,16103,7431
2011-03,503028,358576,33856,16170,7428
2011-04,501798,357390,33934,16496,7392
2011-05,500546,356765,33882,16757,7357
2011-06,499478,355477,34030,16688,7333
2011-07,498869,354252,34095,16725,7321
2011-08,499929,355233,34537,17121,7314
2011-09,499489,354922,34668,17116,7307
2011-10,500104,354830,34826,17184,7309
2011-11,499852,354906,35077,17201,7301
2011-12,500134,355139,35169,17328,7299
2012-01,499618,354341,35249,17416,7295
2012-02,499163,353892,35437,17391,7282
2012-03,497904,352522,35443,17369,7284
2012-04,497721,352924,35321,17574,7270
2012-05,496560,352028,35448,17734,7263
2012-06,497583,352499,35715,17894,7266
2012-07,498044,352258,35835,17794,7249
2012-08,497926,352011,35957,17880,7253
2012-09,497358,351696,36053,18123,7247
2012-10,497056,351215,36234,18095,7236
2012-11,497063,350719,36376,18099,7221
2012-12,496848,350294,36535,18193,7217
2013-01,496597,346188,36589,18194,7211
2013-02,499089,348700,36630,18275,7205
2013-03,498960,348366,36954,18340,7192
2013-04,498221,348226,37066,18606,7180
2013-05,498665,348198,37385,18584,7178
2013-06,497945,347116,37592,18906,7180
2013-07,496855,345568,37913,18853,7174
2013-08,497193,345477,38080,18993,7175
2013-09,496973,345035,38270,19122,7175
2013-10,495742,344549,38312,19079,7172
2013-11,496349,344421,38474,19254,7173
2013-12,496401,344984,38464,19358,7168
2014-01,497401,345222,38597,19365,7178
2014-02,497443,345662,38695,19318,7172
2014-03,499048,345226,38742,19394,7176
2014-04,497367,345619,39022,19414,7177
2014-05,497857,345355,39390,19402,7170
2014-06,497798,344993,39508,19419,7173
2014-07,498661,345201,39740,19615,7177
2014-08,498623,344458,39884,19611,7167
2014-09,497755,343670,40148,19726,7170
2014-10,498425,343812,40256,19919,7188
2014-11,498186,343668,40358,19917,7192
2014-12,498401,343660,40429,19959,7193
2015-01,488653,341467,39623,19934,6963
2015-02,487685,340822,39648,19918,6953
2015-03,487811,340136,39722,19892,6959
2015-04,487798,340034,39793,19889,6961
2015-05,486274,338997,39792,19878,6951
2015-06,485922,338156,39870,19799,6962
2015-07,486330,337684,40062,19886,6974
2015-08,485902,337069,40214,19857,6964
2015-09,485786,336577,40352,19930,6969
2015-10,484761,335777,40435,20040,6963
2015-11,485332,335795,40601,20056,6968
2015-12,484831,335378,40730,20087,6971
2016-01,484424,334418,40857,20137,6971
2016-02,483971,333888,40852,20095,6965
2016-03,480060,333535,40343,20068,6897
2016-04,481418,333574,40660,20127,6909
2016-05,481178,333648,40754,20170,6912
2016-06,480844,332804,40928,20204,6911
2016-07,481781,332812,41046,20183,6916
2016-08,481297,332645,41215,20169,6921
2016-09,481127,332616,41336,20375,6922
2016-10,481686,332492,41419,20458,6923
2016-11,482438,332241,41557,20487,6934
2016-12,481371,332453,41830,21231,6905
2017-01,482027,332079,41906,21176,6929
2017-02,482726,332256,42032,21165,6933
2017-03,482443,331302,42068,21160,6932
2017-04,482947,330878,42339,21149,6939
2017-05,481996,329945,42387,21192,6941
2017-06,482390,329768,42587,21187,6945
2017-07,482704,329051,42839,21247,6948
2017-08,482865,329182,43002,21257,6947
2017-09,482454,329111,43009,21308,6943
2017-10,481500,329257,42887,21280,6946
2017-11,480780,328471,42956,21322,6938
2017-12,480914,328428,42991,21417,6943
2018-01,481222,328294,43226,21456,6944
2018-02,482228,328060,43465,21418,6949
2018-03,482245,327604,43637,21432,6941
2018-04,481448,327092,43978,21477,6930
2018-05,482116,327003,44147,21479,6933
2018-06,481746,327003,44133,21455,6925
2018-07,482559,327104,44377,21631,6929
2018-08,481988,326940,44586,21680,6924
2018-09,481978,326699,44712,21765,6924
2018-10,475732,325822,43779,21757,6820
2018-11,476211,325688,44152,21789,6804
2018-12,476696,325887,44408,21990,6809
2019-01,477444,325323,44705,21995,6810
2019-02,478431,325342,45065,22023,6815
2019-03,478592,325104,45102,22049,6820
2019-04,479192,324570,45307,22091,6824
2019-05,479110,324215,45343,22102,6818
2019-06,478128,323361,45442,22141,6794
2019-07,477074,322624,45596,22347,6774
2019-08,476808,322578,45606,22365,6772
2019-09,477704,322802,45885,22427,6780
2019-10,477193,322306,45916,22410,6789
2019-11,476911,321645,46074,22469,6791
2019-12,475452,321864,45867,22850,6772
2020-01,471079,321356,45249,22834,6688
2020-02,472118,321221,45859,22837,6696
2020-03,486806,328021,46230,23031,6775
2020-04,502154,339604,46108,23063,6891
2020-05,511079,349870,46620,23043,6973
2020-06,516983,354440,46844,23119,7004
2020-07,522030,356107,47351,23338,7065
2020-08,522554,355065,47449,23316,7076
2020-09,522549,353467,47690,23320,7080
2020-10,520753,350865,47890,23326,7063
2020-11,518821,348752,48178,23332,7050
2020-12,520271,351828,48240,23509,7051
2021-01,521050,351487,48122,23571,7055
2021-02,523535,352885,48085,23569,7068
2021-03,532291,361267,48063,23533,7116
2021-04,534887,367359,48010,23543,7140
2021-05,536253,369707,48087,23539,7153
2021-06,536027,371142,48180,23406,7172
2021-07,536687,371510,48615,23371,7192
2021-08,536877,370581,48919,23441,7196
2021-09,535331,367456,49266,23460,7180
2021-10,532574,364107,49763,23470,7180
2021-11,529994,359888,50224,23462,7169
2021-12,529082,357643,50663,23930,7162
2022-01,529746,353897,51993,23917,7156
2022-02,529488,354324,52904,23904,7163
2022-03,527095,345822,56098,29997,7163
2022-04,522522,345955,56646,30272,7143
2022-05,520292,345201,57147,30278,7126
2022-06,508871,345095,59244,30300,7109
2022-07,508057,344216,59656,30296,7093
2022-08,508687,344061,60297,30310,7089
2022-09,508297,343983,60474,30338,7077
2022-10,508387,343925,60705,30249,7073
2022-11,508518,343746,60748,30141,7066
2022-12,508499,343775,60840,30131,7055
2023-01,508856,343436,60840,30113,7063
2023-02,507626,342921,60731,30112,7038
2023-03,507602,343097,61075,30274,7031
2023-04,507732,342985,61204,30627,7036
2023-05,507859,343582,61286,30702,7038
2023-06,508713,343672,61372,30867,7039
2023-07,508620,343432,61674,30906,7032
2023-08,509660,343218,61937,30946,7035
2023-09,508675,343321,61892,31018,7032
2023-10,509549,343987,61955,31018,7038
2023-11,510040,344567,62024,31203,7040
2023-12,510440,344555,62142,31119,7049
2024-01,510254,344743,62244,31070,7056
2024-02,510786,345014,62513,31069,7059
2024-03,510190,344838,62423,31320,7057
2024-04,511336,345848,62497,31531,7076
2024-05,512467,346971,62583,31577,7084
2024-06,513093,347861,62424,31607,7105
2024-07,514819,348895,62737,31602,7114
2024-08,515463,348964,63005,31647,7121
2024-09,515422,348647,63064,31614,7128
2024-10,515255,348832,63175,31753,7132
2024-11,515655,349210,63184,31776,7148
2024-12,515808,349372,63401,31781,7145
2025-01,515879,349244,63391,31788,7149
2025-02,515876,349842,63304,31771,7152
2025-03,517451,349880,63610,31756,7165
2025-04,517965,350201,64010,31754,7168
2025-05,519892,351139,64522,32093,7177
2025-06,521093,351776,64833,32076,7176
2025-07,521114,351590,65025,32100,7187
2025-08,521258,351594,64930,32104,7187
2025-09,521516,351770,65048,32119,7195
2025-10,521010,351692,65054,32169,7190
2025-11,521941,352217,65238,32173,7198
2025-12,522386,352906,65433,32239,7203
2026-01,521602,352372,64089,31916,7212
