catmat_id,codigo_catmat,descricao_catmat,valor_total,numero_compras,quantidade_itens,preco_unitario_medio,preco_unitario_min,preco_unitario_max,numero_fornecedores,numero_mantenedoras,primeira_compra,ultima_compra
422,BR0439678,"SERINGA, MATERIAL:POLIPROPILENO, CAPACIDADE:3 ML, TIPO BICO:BICO CENTRAL LUER LOCK OU SLIP, TIPO VEDAÇÃO:ÊMBOLO DE BORRACHA, ADICIONAL:GRADUADA, NUMERADA, TIPO AGULHA:C/ AGULHA 25 G X 3/8"", COMPONENTE ADICIONAL:C/ SISTEMA SEGURANÇA SEGUNDO NR/32, ESTERILIDADE:ESTÉRIL, DESCARTÁVEL, APRESENTAÇÃO:EMBALAGEM INDIVIDUAL",22702971586.7,6,451285,11779.065,0.28,70672.8,4,6,2021-01-01,2025-01-01
1482,BR0272809,"LAMOTRIGINA, DOSAGEM:100 MG",2162163052.84,164,10311540.724,14.0259,0.15,1994,84,91,2020-01-01,2024-01-01
853,BR0268506,"ONDANSETRONA CLORIDRATO, DOSAGEM:4 MG",2117845499.56,134,2528881.326,25.7226,0.26,2820,76,83,2020-01-01,2025-01-01
856,BR0606824,"TEZEPELUMABE, CONCENTRAÇÃO:110 MG/ML, FORMA FARMACÊUTICA:SOLUÇÃO INJETÁVEL, CARACTERÍSTICAS ADICIONAIS:SERINGA PREENCHIDA",1665250158.89,6,499,1371738.8283,7623.47,8191720,2,5,2024-01-01,2025-01-01
3585,BR0429724,"CARFILZOMIB, CONCENTRAÇÃO:60 MG, FORMA FARMACEUTICA:PÓ LIÓFILO P/ INJETÁVEL",1375948687.65,9,2792,537407.1956,0,4804290,3,4,2022-01-01,2024-01-01
257,BR0267517,"ATENOLOL, DOSAGEM:50 MG",1181343590.48,623,193282357.284,14.8542,0,8718.45,223,345,2020-01-01,2025-01-01
6525,BR0429464,"GÁS COMPRIMIDO, NOME:OXIGÊNIO, ASPECTO FÍSICO:GÁS INCOLOR, FÓRMULA QUÍMICA:O2, MASSA MOLECULAR:31,99 G/MOL, GRAU DE PUREZA:PU",1142235589.37,14,97691.682,41815.6293,5.25,585000,8,9,2020-01-01,2022-01-01
330,BR0403131,"BUDESONIDA, CONCENTRAÇÃO:50 MCG/DOSE, FORMA FARMACÊUTICA:SUSPENSÃO AQUOSA NASAL, CARACTERÍSTICA ADICIONAL:FRASCO COM VÁLVULA DOSIFICADORA",970861419.9,118,8168907.512,225.048,0.03,23980,63,67,2020-01-01,2025-01-01
3773,BR0439259,"AXITINIBE, CONCENTRAÇÃO:5 MG",715706757.6,13,10388.1,19705.4685,27.97,253090,10,7,2020-01-01,2024-01-01
2611,BR0400563,"USTEQUINUMABE, CONCENTRAÇÃO:90 MG/ML, FORMA FARMACÊUTICA:SOLUÇÃO INJETÁVEL",583831555.57,43,23318.765,18387.413,8924.1,43007.94,13,19,2020-01-01,2024-01-01
91,BR0267565,"CARVEDILOL, DOSAGEM:6,25 MG",533506107.03,527,74086580.558,2.2695,0,930,201,285,2020-01-01,2025-01-01
5009,BR0390505,"RESINA COMPOSTA, TIPO:FOTOPOLIMERIZÁVEL, TAMANHO PARTÍCULAS:HÍBRIDA, ASPECTO FÍSICO:PASTOSA",484725159.07,13,96019,474.3282,11.12,5768,12,12,2020-01-01,2023-01-01
2665,BR0372204,"DUTASTERIDA, CONCENTRAÇÃO:0,5 MG",438444688.16,44,381193.16,94.8908,0.4883,4052,31,19,2020-01-01,2024-01-01
2091,BR0404846,"SOMATROPINA, COMPOSIÇÃO:SOMATOTROFINA HUMANA RECOMBINANTE, CONCENTRAÇÃO:12 UI, FORMA FARMACEUTICA:PÓ LIÓFILO P/ INJETÁVEL + DILUENTE",415879386.49,21,25914999.819,125.8833,2.44,1128.81,7,12,2020-01-01,2024-01-01
77,BR0267203,"DIPIRONA SÓDICA, DOSAGEM:500 MG",358786382.53,734,1240468650.25,1.4362,0,152.4,217,381,2020-01-01,2025-01-01
1975,BR0452740,"OMALIZUMABE, CONCENTRAÇÃO:150 MG, FORMA FARMACÊUTICA:INJETÁVEL",351402738.15,78,191842.672,1880.6071,1409.17,2593.4,20,40,2020-01-01,2024-01-01
586,BR0448982,"ENOXAPARINA, CONCENTRAÇÃO:100 MG/ML, FORMA FARMACEUTICA:SOLUÇÃO INJETÁVEL, CARACTERÍSTICAS ADICIONAIS 1:SERINGA PREENCHIDA",278490184.37,899,5622884.107,46.1258,0.3498,5680,243,242,2020-01-01,2025-01-01
213,BR0273818,"DIOSMINA, COMPOSIÇÃO:ASSOCIADA À HESPERIDINA, CONCENTRAÇÃO:450MG + 50MG",276658781.08,418,746016064.359,4.0923,0.28,157.61,133,179,2020-01-01,2025-01-01
180,BR0430404,"IBRUTINIBE, CONCENTRAÇÃO:140 MG",266924764.94,19,208206.262,14351.4008,3.3165,266097.6,8,11,2021-01-01,2025-01-01
682,BR0267729,"NIFEDIPINO, DOSAGEM:20 MG",240464215.15,409,714708446.916,2.2501,0,149.27,161,246,2020-01-01,2025-01-01
722,BR0383660,"TIOTRÓPIO BROMETO, COMPOSIÇÃO:SAL BROMETO, CONCENTRAÇÃO:2,5 MCG/DOSE, FORMA FARMACÊUTICA:SOLUÇÃO P/ INALAÇÃO, CARACTERÍSTICA ADICIONAL:COM INALADOR",211726312.88,135,46353122.976,261.31,3.3,386,70,70,2020-01-01,2025-01-01
267,BR0448841,"AMOXICILINA, PRINCÍPIO ATIVO:ASSOCIADA COM CLAVULANATO DE POTÁSSIO, CONCENTRAÇÃO:50 MG/ML + 12,5 MG/ML, FORMA FARMACÊUTICA:SUSPENSÃO ORAL",177337010.67,381,11531344.475,115.5671,0.04,37999,145,222,2020-01-01,2025-01-01
691,BR0276656,"METOPROLOL, PRINCÍPIO ATIVO:SAL SUCCINATO, DOSAGEM:25 MG, APRESENTAÇÃO:LIBERAÇÃO CONTROLADA",169686471.86,309,317373696.61,0.9413,0.0099,27.1,109,156,2020-01-01,2025-01-01
2191,BR0410020,"ELTROMBOPAG OLAMINA, CONCENTRAÇÃO:50 MG",157274188.52,23,389277.149,5833.2446,162.02,128976.12,13,12,2020-01-01,2024-01-01
2176,BR0267892,"PANTOPRAZOL, DOSAGEM:40 MG",142271675.36,171,27311853.764,5.3233,0.04,278.8,77,98,2020-01-01,2024-01-01
9298,BR0216980,"CONJUNTO OXIGÊNIO MEDICINAL, ASPECTO FÍSICO:INCOLOR, ODOR:INODORO, GRAU PUREZA:99,60 A 100 PER, TIPO ACONDICIONAMENTO:CILINDR",138720000,1,6800,20400,20400,20400,1,1,2021-01-01,2021-01-01
849,BR0432908,"DAPAGLIFLOZINA, CONCENTRAÇÃO:10 MG",124193291.49,189,55682464.265,9.8882,1.82,188.76,73,92,2020-01-01,2025-01-01
868,BR0436345,"NINTEDANIBE, COMPOSIÇÃO:SAL ESILATO, CONCENTRAÇÃO:150 MG",114189210.05,52,545447.07,523.7127,109.73,14404,25,28,2020-01-01,2025-01-01
1144,BR0455337,"DUPILUMABE, CONCENTRAÇÃO:150 MG/ML, FORMA FARMACÊUTICA:SOLUÇÃO INJETÁVEL, ADICIONAL:SERINGA PREENCHIDA",112908299.62,56,29293.688,4043.1788,2915,8191.72,15,24,2020-01-01,2025-01-01
685,BR0268896,"ANLODIPINO BESILATO, DOSAGEM:10 MG",99255420.5,373,53452507.924,2.3893,0,145,146,212,2020-01-01,2025-01-01
293,BR0268236,"CLORETO DE SÓDIO, PRINCÍPIO ATIVO:0,9%_ SOLUÇÃO INJETÁVEL, APLICAÇÃO:SISTEMA FECHADO",98760883.17,1242,27956078.23,4.1266,0.15,302.5,244,242,2020-01-01,2025-01-01
3128,BR0311390,"BEVACIZUMABE, CONCENTRAÇÃO:25 MG/ML, FORMA FARMACEUTICA:SOLUÇÃO INJETÁVEL",97975961,37,74002.46,2991.6176,1115.9,9431.6,17,19,2020-01-01,2024-01-01
802,BR0412830,"BRENTUXIMABE VEDOTINA, CONCENTRAÇÃO:50 MG, FORMA FARMACÊUTICA:PÓ LIÓFILO P/ INJETÁVEL",97712185.98,15,6785,14492.9333,13098.88,16414,7,9,2020-01-01,2025-01-01
2394,BR0436778,"NIVOLUMABE, CONCENTRAÇÃO:10 MG/ML, FORMA FARMACÊUTICA:SOLUÇÃO INJETÁVEL",96026168.9,35,16735.12,10792.8638,7.273,172145.76,2,9,2020-01-01,2024-01-01
504,BR0305270,"LEVOFLOXACINO, DOSAGEM:500 MG",95009520.11,324,101385329.71,3.7029,0.09,634,138,185,2020-01-01,2025-01-01
906,BR0404749,"DIETA INFANTIL, ASPECTO FÍSICO:PÓ, USO:ENTERAL OU ORAL, FONTE DE PROTEÍNA:À BASE DE AA'S, FONTE DE CARBOIDRATO:MALTODEXTRINA, FONTE DE LIPÍDIOS:ÓLEOS VEGETAIS, COMPONENTES ADICIONAIS:VITAMINAS E MINERAIS, CARACTERÍSTICAS ADICIONAIS:ISENTO GLÚTEN,LACT.,SACAR.,FRUTOSE E GALACTOSE",92203735.89,51,360830860.353,81.4631,0.0495,505.5,28,22,2020-01-01,2025-01-01
231,BR0448838,"ACEBROFILINA, CONCENTRAÇÃO:5 MG/ML, FORMA FARMACEUTICA:XAROPE",90146189.92,351,12513827.768,13.568,0.95,2430,135,203,2020-01-01,2025-01-01
1454,BR0342132,"HIDROCORTISONA, COMPOSIÇÃO:SAL ACETATO, CONCENTRAÇÃO:500 MG, FORMA FARMACÊUTICA:PÓ LIÓFILO P/ INJETÁVEL",89487625.87,111,353566.55,48.4274,2.16,4499,74,89,2020-01-01,2024-01-01
26,BR0442703,"CEFTRIAXONA SÓDICA, CONCENTRAÇÃO:500 MG, FORMA FARMACEUTICA:PÓ P/ SOLUÇÃO INJETÁVEL",85890526.32,219,786156.448,416.7924,0.69,89500,94,128,2020-01-01,2025-01-01
1146,BR0450888,"OCRELIZUMABE, CONCENTRAÇÃO:30 MG/ML, FORMA FARMACÊUTICA:SOLUÇÃO P/ INFUSÃO",83591570.38,28,2661,28691.2596,23682,38050,8,15,2020-01-01,2025-01-01
96,BR0270126,"LEVODOPA, COMPOSIÇÃO:ASSOCIADO À BENSERAZIDA, DOSAGEM:200MG + 50MG",83524268.18,405,25203527.198,11.9653,0.12,3748,102,213,2020-01-01,2025-01-01
242,BR0271217,"AMOXICILINA, PRINCÍPIO ATIVO:ASSOCIADA COM CLAVULANATO DE POTÁSSIO, CONCENTRAÇÃO:500MG + 125MG",77982632.6,453,46528769.052,2.6689,0.0368,200,166,249,2020-01-01,2025-01-01
1540,BR0357119,"BETA-AGALSIDASE, CONCENTRAÇÃO:35 MG, FORMA FARMACÊUTICA:PÓ LIÓFILO P/ INJETÁVEL",73663971.43,17,6166.064,10992.5176,0,17023.78,3,7,2020-01-01,2024-01-01
1192,BR0465666,"INOTERSENA, COMPOSIÇÃO:NONADECASSÓDICA, CONCENTRAÇÃO:200 MG/ML, FORMA FARMACÊUTICA:SOLUÇÃO INJETÁVEL, CARACTERÍSTICAS ADICIONAIS:SERINGA PREENCHIDA",71044674.64,5,1536,42855.878,40836,46706.78,2,4,2022-01-01,2025-01-01
118,BR0267512,"AMITRIPTILINA CLORIDRATO, DOSAGEM:25 MG",69310837.2,742,506681627.266,0.823,0,115,208,379,2020-01-01,2025-01-01
811,BR0482292,"TRASTUZUMABE, COMPOSIÇÃO:DERUXTECANA, CONCENTRAÇÃO:100 MG, FORMA FARMACÊUTICA:PÓ LIOFILO INJETÁVEL",67756791.1,14,4897,13317.04,12343.02,14433.04,6,8,2022-01-01,2025-01-01
1686,BR0427614,"BELIMUMABE, CONCENTRAÇÃO :400 MG, FORMA FARMACÊUTICA:PÓ LIÓFILO P/ INJETÁVEL",67756342.75,18,22625,2271.8694,1810.49,3233.78,10,12,2020-01-01,2024-01-01
145,BR0267712,"OMEPRAZOL, CONCENTRAÇÃO:20 MG",65176326.66,705,590451081.796,0.8483,0,100.6,235,373,2020-01-01,2025-01-01
3474,BR0409705,"LÂMINA LABORATÓRIO, MATERIAL:VIDRO, DIMENSÕES:CERCA DE 75 X 25 MM, TIPO :LAPIDADA, TIPO BORDA:BORDA FOSCA",65030035.72,11,151551.85,593.4274,0.15,6500,10,8,2020-01-01,2024-01-01
97,BR0331555,"CEFALEXINA, DOSAGEM:50 MG/ML, FORMA FARMACÊUTICA:PÓ P/ SUSPENSÃO ORAL",63850783.05,528,15536316.77,25.5212,0.06,7299,183,310,2020-01-01,2025-01-01
3486,BR0300745,"ENZIMAS PANCREÁTICAS, PRINCÍPIO ATIVO:PANCREATINA ( AMILASE + LIPASE + PROTEASE ), CONCENTRAÇÃO:25.000 UI",60728164.54,24,28306882.01,2.345,1.11,4.58,11,13,2020-01-01,2024-01-01
645,BR0345240,"HIDROCORTISONA, COMPOSIÇÃO:SAL ACETATO, CONCENTRAÇÃO:10 MG/G, FORMA FARMACÊUTICA:CREME",60614785.1,106,341440.291,914.5171,0.26,96100,62,75,2020-01-01,2025-01-01
189,BR0268160,"OMEPRAZOL, CONCENTRAÇÃO:40 MG, USO:INJETÁVEL",60339895.03,498,4308521.545,19.8993,0.15,711.38,211,276,2020-01-01,2025-01-01
73,BR0267618,"CARBAMAZEPINA, DOSAGEM:200 MG",59313858.23,736,350853177.159,2.391,0,330,212,362,2020-01-01,2025-01-01
173,BR0268481,"MIDAZOLAM, DOSAGEM:5 MG/ML, APLICAÇÃO:INJETÁVEL",59142987.58,654,7948519.049,16.5965,0.467,2812.5,194,263,2020-01-01,2025-01-01
127,BR0376767,"IVERMECTINA, CONCENTRAÇÃO:6 MG",58957580.84,617,18760616.351,13.4779,0.01,6000,222,323,2020-01-01,2025-01-01
2746,BR0404992,"DIETA ENTERAL, ASPECTO FÍSICO:LÍQUIDO, USO:ENTERAL OU ORAL, CARACTERÍSTICAS:HIPERCALÓRICA,NORMOPROTEICA, FONTE DE PROTEÍNA:CASEINATO E/OU PTN SOJA E/OU SORO LEITE, FONTE DE CARBOIDRATO:MALTODEXTRINA, FONTE DE LIPÍDIOS:ÓLEOS VEG.E/OU TCM E/OU LEC.SOJA, COMPONENTES ADICIONAIS:AA'S,VIT.,MINERAIS, CARACTERÍSTICAS ADICIONAIS:ISENTO GLÚTEN,LACT.,SACAROSE, SABOR:C/ OU S/ SABOR",54504273.34,8,4356303862.44,17.3568,0.0125,84,8,8,2020-01-01,2024-01-01
4777,BR0338883,"CALCITONINA SINTÉTICA, COMPOSIÇÃO:DE SALMÃO, CONCENTRAÇÃO:200 UI/DOSE, FORMA FARMACEUTICA:SPRAY NASAL",53602116.34,12,7180929.208,190.1075,6.36,1390.16,8,8,2020-01-01,2023-01-01
120,BR0268856,"LOSARTANA POTÁSSICA, DOSAGEM:50 MG",53495936.76,694,723266667.409,1.2012,0,188.23,241,362,2020-01-01,2025-01-01
165,BR0272365,"SERTRALINA CLORIDRATO, DOSAGEM:50MG",53392360.14,678,530304048.866,7.2625,0,4328,204,330,2020-01-01,2025-01-01
55,BR0442584,"NOREPINEFRINA, CONCENTRAÇÃO:2 MG/ML, FORMA FARMACÊUTICA:SOLUÇÃO INJETÁVEL",52713774.36,401,8149964.875,9.211,0.39,546,152,208,2020-01-01,2025-01-01
652,BR0446263,"AMBROXOL, COMPOSIÇÃO:SAL CLORIDRATO, CONCENTRAÇÃO:6 MG/ML, FORMA FARMACÊUTICA:XAROPE",49666012.84,458,33358797.962,7.1529,0.0161,1400,171,270,2020-01-01,2025-01-01
930,BR0387340,"FORMOTEROL FUMARATO, COMPOSIÇÃO:ASSOCIADO COM BUDESONIDA, CONCENTRAÇÃO:12 MCG + 400MCG/DOSE, FORMA FARMACÊUTICA:CÁPSULA PÓ INALANTE, CARACTERÍSTICAS ADICIONAIS:COM FRASCO INALADOR",48403227.19,65,11925991.507,46.4399,0.23,148.87,41,44,2020-01-01,2025-01-01
2303,BR0445432,"VALSARTANA, COMPOSIÇÃO:ASSOCIADO AO SACUBITRIL, CONCENTRAÇÃO:103 MG + 97 MG",48069500.02,121,13075344.366,15.9005,0.0315,290.99,58,58,2020-01-01,2024-01-01
638,BR0445430,"VALSARTANA, COMPOSIÇÃO:ASSOCIADO AO SACUBITRIL, CONCENTRAÇÃO:51 MG + 49 MG",47528171.41,109,12673852.927,25.5324,3.16,319.69,49,52,2020-01-01,2025-01-01
2113,BR0412718,"ICATIBANTO ACETATO, CONCENTRAÇÃO:10 MG/ML, FORMA FARMACÊUTICA:SOLUÇÃO INJETÁVEL",47375215.38,15,7914.812,6540.1233,5424.4,9000,9,9,2020-01-01,2024-01-01
483,BR0452796,"CLORETO DE SÓDIO, CONCENTRAÇAO:0,9 %, FORMA FARMACEUTICA:SOLUÇÃO INJETÁVEL, CARACTERISTICA ADICIONAL:SISTEMA FECHADO, CARACTERÍSTICAS ADICIONAIS 1:BOLSA/FRASCO ISENTO DE PVC",46902629.86,521,15278080.686,5.3822,0.4,161,176,156,2020-01-01,2025-01-01
4522,BR0450100,"IMUNOGLOBULINA HUMANA, CONCENTRAÇÃO:5 G, FORMA FARMACEUTICA:PÓ LIÓFILO P/ INJETÁVEL + DILUENTE",46797735,3,25635,2310.6667,1780,3331,3,2,2021-01-01,2023-01-01
3093,BR0268848,"PANTOPRAZOL, DOSAGEM:20 MG",46640117.18,79,18056019.386,1.6913,0.08,55.84,46,46,2020-01-01,2024-01-01
39,BR0271111,"AMOXICILINA, CONCENTRAÇÃO:50MG/ML, APRESENTAÇÃO:PÓ PARA SUSPENSÃO ORAL",46323083.47,602,219349460.362,15.3593,0.0224,6241,191,314,2020-01-01,2025-01-01
1143,BR0390008,"CETUXIMABE, CONCENTRAÇAO:5 MG/ML, FORMA FARMACEUTICA:SOLUÇÃO INJETÁVEL",46091901.7,16,61064.8,1618.6963,613.83,4065.58,8,7,2020-01-01,2025-01-01
2090,BR0430403,"TRASTUZUMABE, COMPOSIÇÃO:ENTANSINA, CONCENTRAÇÃO:100 MG, FORMA FARMACÊUTICA:PÓ LIOFILO INJETÁVEL",45939192.42,27,6793.8,6333.6074,5464.66,7637.7,9,10,2020-01-01,2024-01-01
83,BR0267621,"CARBONATO DE LÍTIO, DOSAGEM:300 MG",45729954.89,631,148224796.604,2.5601,0,414.2,212,319,2020-01-01,2025-01-01
3441,BR0396086,"SAPROPTERINA DICLORIDRATO, CONCENTRAÇÃO:100 MG, FORMA FARMACÊUTICA:COMPRIMIDO SOLÚVEL",45683536.68,22,449249.14,522.6814,72.01,9395,1,11,2021-01-01,2024-01-01
3622,BR0358123,"RANIBIZUMABE, CONCENTRAÇÃO:10 MG/ML, FORMA FARMACÊUTICA:SOLUÇÃO INJETÁVEL, CARACTERÍSTICA ADICIONAL:C/SISTEMA DE APLICAÇÃO",45367538.85,44,15528.799,2906.9229,4.5284,4528.4,20,28,2020-01-01,2024-01-01
825,BR0417811,"TAFAMIDIS, CONCENTRAÇÃO:20 MG",45334473.24,12,63034.68,2589.9531,619.907,23157.9,7,7,2020-01-01,2025-01-01
600,BR0446264,"AMBROXOL, COMPOSIÇÃO:SAL CLORIDRATO, CONCENTRAÇÃO:3 MG/ML, FORMA FARMACÊUTICA:XAROPE",45275360.23,520,37304930.945,4.5114,0.0134,440,184,307,2020-01-01,2025-01-01
929,BR0395517,"CANAQUINUMABE, CONCENTRAÇÃO:150 MG, FORMA FARMACÊUTICA:PÓ LIÓFILO P/ INJETÁVEL",45251607.5,12,938.4,46009.21,39744,53216.37,4,9,2021-01-01,2025-01-01
5281,BR0443639,"LANREOTIDA ACETATO, CONCENTRAÇÃO:180 MG/ML, FORMA FARMACEUTICA:SOLUÇÃO INJETÁVEL, CARACTERÍSTICAS ADICIONAIS:LIBERAÇÃO PROLONGADA",45103459.13,5,20851,2299.318,2046,2458.28,5,3,2020-01-01,2023-01-01
3095,BR0291549,"ATORVASTATINA CÁLCICA, DOSAGEM:80 MG",45063334.26,34,13778790.93,10.5042,0.59,145.33,24,16,2020-01-01,2024-01-01
149,BR0273710,"NIMESULIDA, DOSAGEM:100 MG",45001576.36,544,503863963.621,0.7252,0,86,179,308,2020-01-01,2025-01-01
43,BR0267140,"AZITROMICINA, DOSAGEM:500 MG",45000615.97,861,50755902.381,4.8793,0.0051,675.54,249,411,2020-01-01,2025-01-01
3,BR0294887,"SALBUTAMOL, DOSAGEM:100MCG/DOSE, FORMA FARMACÊUTICA:AEROSOL ORAL",44875611.06,476,219203466.153,12.4576,0.0144,1100,145,259,2020-01-01,2025-01-01
1145,BR0282881,"ROSUVASTATINA, COMPOSIÇÃO:CÁLCICA, CONCENTRAÇÃO:10 MG",43921304.86,247,18723687.25,2.2527,0.08,73.84,114,104,2020-01-01,2025-01-01
513,BR0305935,"PROPOFOL, DOSAGEM:10 MG/ML, FORMA FARMACÊUTICA:EMULSÃO INJETÁVEL",43118080.47,212,2369679.343,24.1578,0,255.05,105,105,2020-01-01,2025-01-01
2163,BR0268083,"AZATIOPRINA, CONCENTRAÇÃO:50 MG",42554259.95,92,99366264.62,7.0692,0.058,213.55,41,50,2020-01-01,2024-01-01
2088,BR0466366,"TIOTRÓPIO BROMETO, COMPOSIÇÃO:ASSOCIADO AO OLODATEROL, CONCENTRAÇÃO:2,5 MCG/DOSE + 2,5 MCG/DOSE, FORMA FARMACÊUTICA:SOLUÇÃO P/ INALAÇÃO, CARACTERÍSTICA ADICIONAL:COM INALADOR",42505282.65,49,215691.136,225.2722,3.91,376.96,23,20,2020-01-01,2024-01-01
23,BR0268370,"ACICLOVIR, DOSAGEM:200 MG",42235934.41,610,36581411.774,131.8146,0,78800,194,327,2020-01-01,2025-01-01
4587,BR0333447,"INFLIXIMABE, DOSAGEM:100 MG, FORMA FARMACÊUTICA:PÓ LIÓFILO P/INJETÁVEL",42088689.56,34,28327.535,2203.2891,710,3416,19,18,2020-01-01,2023-01-01
3740,BR0433073,"ATALURENO, CONCENTRAÇÃO:250 MG, FORMA FARMACÊUTICA:GRANULADO PARA SUSPENSÃO ORAL",41537595.72,7,13530,6076.5811,1061.96,35328,1,4,2021-01-01,2024-01-01
3711,BR0271106,"CICLOSPORINA, CONCENTRAÇÃO:50 MG",40838390.76,31,18472829.263,10.0974,1.5,244,18,14,2020-01-01,2024-01-01
2880,BR0457885,"MEPOLIZUMABE, CONCENTRAÇÃO:100 MG/ML, FORMA FARMACÊUTICA:INJETÁVEL",40526025.02,24,17287.47,4660.0335,17.7629,8534.1,13,16,2020-01-01,2024-01-01
605,BR0445431,"VALSARTANA, COMPOSIÇÃO:ASSOCIADO AO SACUBITRIL, CONCENTRAÇÃO:26 MG + 24 MG",39040550.32,126,10212909.048,15.5325,3.0457,154,52,52,2020-01-01,2025-01-01
480,BR0273836,"INSULINA, ORIGEM:GLARGINA, DOSAGEM:100UI/ML, APLICAÇÃO:INJETÁVEL",38834127.5,176,1645624.225,83.4465,14.6,471.16,52,71,2020-01-01,2025-01-01
1627,BR0268521,"ROCURÔNIO BROMETO, DOSAGEM:10 MG/ML, INDICAÇÃO:SOLUÇÃO INJETÁVEL",38372728.43,154,2560105.215,24.8316,0.45,344.66,83,82,2020-01-01,2024-01-01
940,BR0461326,"ABEMACICLIBE, CONCENTRAÇÃO:150 MG",38226154.24,20,170896.826,866.1474,0,13116,8,10,2021-01-01,2025-01-01
2300,BR0436461,"VEDOLIZUMABE, CONCENTRAÇÃO:300 MG, FORMA FARMACÊUTICA:PÓ LIÓFILO P/ INJETÁVEL",37850603.85,28,2730,13030.3639,11596,16292.69,10,15,2020-01-01,2024-01-01
48,BR0268949,"AZITROMICINA, DOSAGEM:40 MG/ML, APRESENTAÇÃO:SUSPENSÃO ORAL",36438443.78,577,4685292.029,20.2575,0.1668,6974,178,311,2020-01-01,2025-01-01
2080,BR0331223,"TERIPARATIDA, CONCENTRAÇÃO:250 MCG/ML, FORMA FARMACÊUTICA:SOLUÇÃO INJETÁVEL, CARACTERÍSTICAS ADICIONAIS:COM SISTEMA DE APLICAÇÃO",35996152.12,35,17029.786,2234.4433,2.268,5274,7,20,2020-01-01,2024-01-01
3172,BR0410019,"ELTROMBOPAG OLAMINA, CONCENTRAÇÃO:25 MG",35674630.82,26,319424.475,115.2632,105.97,132.8,12,11,2020-01-01,2024-01-01
1486,BR0421223,"DENOSUMABE, CONCENTRAÇÃO:60 MG/ML, FORMA FARMACÊUTICA:SOLUÇÃO INJETÁVEL",35114458.67,69,47251.05,751.1904,521.54,1552.96,22,37,2020-01-01,2024-01-01
807,BR0270590,"BETAMETASONA, COMPOSIÇÃO:DIPROPIONATO, APRESENTAÇÃO:ASSOCIADA COM BETAMETASONA FOSFATO, DOSAGEM:5MG + 2MG, USO:INJETÁVEL",34388954.64,272,11244884.889,8.8645,0.85,749.6,121,155,2020-01-01,2025-01-01
951,BR0268520,"RITUXIMABE, DOSAGEM:10MG/ML, INDICAÇÃO:SOLUÇÃO INJETÁVEL",33811248.32,61,46301.93,1968.4369,1.546,6648.8,32,21,2020-01-01,2025-01-01
2346,BR0290058,"ADALIMUMABE, CONCENTRAÇÃO:40 MG, APRESENTAÇÃO:SOLUÇÃO INJETÁVEL",33788855.4,38,44946.808,1880.0387,9.4,10605,20,21,2020-01-01,2024-01-01
4842,BR0268458,"GANCICLOVIR SÓDICO, DOSAGEM:250 MG",33405001,9,1010899.106,35.0467,4.26,86.92,4,6,2020-01-01,2023-01-01
94,BR0267625,"CEFALEXINA, DOSAGEM:500 MG",33194147.38,687,84077748.954,2.0997,0,162.6,215,365,2020-01-01,2025-01-01
122,BR0267691,"METFORMINA CLORIDRATO, DOSAGEM:850 MG",33075013.3,602,365179059.864,0.5913,0,83.3,199,329,2020-01-01,2025-01-01
200,BR0363597,"PERMETRINA, CONCENTRAÇÃO:50 MG/ML, FORMA FARMACEUTICA:LOÇÃO",32878879.7,293,2447211.039,12.846,0.04,2799,104,180,2020-01-01,2025-01-01
164,BR0291770,"ESCITALOPRAM OXALATO, DOSAGEM:10 MG",32404774.85,433,70209093.911,3.2034,0.088,96.72,178,209,2020-01-01,2025-01-01
151,BR0267689,"METILDOPA, DOSAGEM:250 MG",31417634.26,591,73593950.5,3.6537,0.0044,567,209,336,2020-01-01,2025-01-01
629,BR0434795,"COMPRESSA GAZE, MATERIAL:TECIDO 100% ALGODÃO, MODELO:TIPO QUEIJO, CAMADAS:8 CAMADAS, QUANTIDADE FIOS:13 FIOS/CM2, LARGURA:CERCA DE 90 CM, COMPRIMENTO:CERCA DE 90 M, DOBRAS:5 DOBRAS, CARACTERÍSTICAS ADICIONAIS:EMBALAGEM PLÁSTICA INDIVIDUAL",31096762.7,12,767076,39.705,12,72.99,11,10,2020-01-01,2025-01-01
340,BR0345001,"MIGLUSTATE, CONCENTRAÇÃO:100 MG",31090413.74,9,151444.952,193.7144,182.5,223.33,2,6,2021-01-01,2025-01-01
760,BR0440269,"PEMBROLIZUMABE, CONCENTRAÇÃO:25 MG/ML, FORMA FARMACÊUTICA:SOLUÇÃO INJETÁVEL",30713280.15,43,2137.2,13824.3849,1309.3,16250.01,12,15,2020-01-01,2025-01-01
472,BR0339565,"REAGENTE PARA DIAGNÓSTICO CLÍNICO 5, TIPO DE ANÁLISE:QUANTITATIVO DE GLICOSE, CARACTERÍSTICAS ADICIONAIS:CAPILAR, APRESENTAÇÃO:TIRA",30478491.79,160,93124810.842,14.0105,0.2,112,90,84,2020-01-01,2025-01-01
186,BR0458280,"OLAPARIBE, CONCENTRAÇÃO:150 MG",30390848.26,14,132535.462,1559.9543,175.6,19176.76,3,11,2020-01-01,2025-01-01
76,BR0271950,"FENTANILA, APRESENTAÇÃO:SAL CITRATO, DOSAGEM:0,05 MG/ML, INDICAÇÃO:SOLUÇÃO INJETÁVEL",30150639.03,479,6263113.993,10.5848,1.084,2300,168,216,2020-01-01,2025-01-01
2050,BR0268082,"ATORVASTATINA CÁLCICA, DOSAGEM:40 MG",29974033.97,96,59575155.873,8.8878,0.24,228.9,60,58,2020-01-01,2024-01-01
264,BR0276657,"METOPROLOL, PRINCÍPIO ATIVO:SAL SUCCINATO, DOSAGEM:50 MG, APRESENTAÇÃO:LIBERAÇÃO CONTROLADA",29944370.21,476,71785806.051,2.5197,0.015,593,140,237,2020-01-01,2025-01-01
2307,BR0437993,"UMECLIDÍNIO BROMETO, COMPOSIÇÃO:ASSOCIADO AO TRIFENATATO DE VILANTEROL, CONCENTRAÇÃO:62,5 MCG/DOSE + 25 MCG/DOSE, FORMA FARMACÊUTICA:PÓ INALANTE, ADICIONAL:COM INALADOR",29765972.78,49,5202715.184,204.7196,2.76,310,26,30,2020-01-01,2024-01-01
107,BR0267505,"ÁCIDO VALPRÓICO, DOSAGEM:500 MG",29542332.64,322,60935181.698,4.3019,0.031,489,108,178,2020-01-01,2025-01-01
1813,BR0473482,"DIETA INFANTIL, INDICAÇÃO:A PARTIR DO NASCIMENTO, ASPECTO FÍSICO:PÓ, USO:ENTERAL OU ORAL, FONTE DE PROTEÍNA:PTN HIDROLISADA SORO LEITE, FONTE DE CARBOIDRATO:MALTODEXTRINA E/OU AMIDO, FONTE DE LIPÍDIOS:ÓLEOS VEGETAIS E/OU TCM, COMPONENTES ADICIONAIS:VITAMINAS E MINERAIS, CARACTERÍSTICAS ADICIONAIS:ISENTO GLÚTEN E/OU SACAR.E/OU LACT., ADICIONAIS:C/ LC PUFAS E/OU NUCLEOTÍDEOS, SABOR:S/SABOR",29251400.51,22,141145896.6,45.576,0.17,396.25,16,15,2021-01-01,2024-01-01
1460,BR0309040,"ÁCIDO URSODESOXICÓLICO, CONCENTRAÇÃO:300 MG",29239717.18,101,15984076.751,6.1765,0,224,58,49,2020-01-01,2024-01-01
1819,BR0468463,"DIETA INFANTIL, ASPECTO FÍSICO:PÓ, USO:ENTERAL OU ORAL, FONTE DE PROTEÍNA:AA'S, FONTE DE CARBOIDRATO:XAROPE GLICOSE, FONTE DE LIPÍDIOS:ÓLEOS VEGETAIS E/OU TCM, COMPONENTES ADICIONAIS:VITAMINAS E MINERAIS, CARACTERÍSTICAS ADICIONAIS:ISENTO GLÚTEN, SABOR:S/SABOR",28883142.86,10,48063601.584,66.9015,0.38,188,9,8,2020-01-01,2024-01-01
818,BR0457888,"RIBOCICLIBE, COMPOSIÇÃO:SUCCINATO, CONCENTRAÇÃO:200 MG",28579596.1,14,120890.968,225.2821,200.65,270.31,6,8,2020-01-01,2025-01-01
694,BR0270612,"BENZILPENICILINA, APRESENTAÇÃO:BENZATINA, DOSAGEM:1.200.000UI, USO:INJETÁVEL",28188685.41,678,38427198.065,13.7698,0.019,1280,220,367,2020-01-01,2025-01-01
63,BR0267504,"ÁCIDO VALPRÓICO, DOSAGEM:250 MG",27953961.18,459,127667565.455,0.6044,0.0058,24.05,134,252,2020-01-01,2025-01-01
832,BR0445797,"BECLOMETASONA DIPROPIONATO, CONCENTRAÇÃO:200 MCG/DOSE, FORMA FARMACEUTICA:AEROSSOL ORAL, CARACTERÍSTICA ADICIONAL:FRASCO DOSEADOR C/ BOCAL AEROGADOR",27910947.84,60,3783987.731,50.0991,0.0845,385,31,38,2020-01-01,2025-01-01
768,BR0399996,"PAZOPANIBE, CONCENTRAÇÃO:400 MG",27748565.58,29,200452.389,612.4132,111.71,14000,15,14,2020-01-01,2025-01-01
35,BR0271089,"AMOXICILINA, CONCENTRAÇÃO:500MG",27711353.1,713,125325944.066,1.5146,0,251.9,224,372,2020-01-01,2025-01-01
5454,BR0337473,"INSULINA, ORIGEM:DETEMIR, DOSAGEM:100U/ML, FORMA FARMACÊUTICA:SOLUÇÃO INJETÁVEL",27567810.79,28,101654.265,332.2392,30.46,7263,17,20,2020-01-01,2023-01-01
3488,BR0364816,"LENALIDOMIDA, CONCENTRAÇÃO:25 MG",27555460.29,12,49183.81,780.7092,533.61,925.66,6,6,2021-01-01,2024-01-01
3450,BR0465388,"SELEXIPAGUE, CONCENTRAÇÃO:200 MCG",27464554.14,10,180739.338,126.386,0,156.15,2,6,2022-01-01,2024-01-01
1548,BR0456471,"ACESSÓRIO BOMBA INSULINA, TIPO ACESSÓRIO:TRANSMISSOR, CARACTERÍSTICA ADICIONAL:MONITORIZAÇÃO CONTÍNUA DE GLICOSE",26575819.98,18,20078,114819.4539,0.39,2038000,7,9,2020-01-01,2024-01-01
3485,BR0294881,"ILOPROSTA, CONCENTRAÇÃO:10 MCG/ML, FORMA FARMACÊUTICA:SOLUÇÃO P/ NEBULIZAÇÃO",26037137.44,12,1069280.422,25.8075,23.43,29.66,3,6,2021-01-01,2024-01-01
52,BR0268439,"CLARITROMICINA, DOSAGEM:500 MG",26028524.68,316,5073558.581,12.251,0.042,2850,130,181,2020-01-01,2025-01-01
2042,BR0476830,"ARIPIPRAZOL, CONCENTRAÇÃO:20 MG/ML, FORMA FARMACÊUTICA:SUSPENSÃO ORAL - GOTAS",26024872.77,19,13593,20105.3684,14,375000,17,14,2021-01-01,2024-01-01
117,BR0267747,"SINVASTATINA, DOSAGEM:20 MG",25957422.38,636,345485383.388,0.8197,0,100,203,344,2020-01-01,2025-01-01
152,BR0273009,"FLUOXETINA, DOSAGEM:20 MG",25864761.93,747,296000762.643,1.1457,0,560,192,360,2020-01-01,2025-01-01
3643,BR0448859,"MESALAZINA, CONCENTRAÇÃO:500 MG, FORMA FARMACÊUTICA:LIBERAÇÃO PROLONGADA",25394534.33,17,12744127.97,2.9978,0.67,6.54,16,12,2020-01-01,2024-01-01
270,BR0267522,"CLOMIPRAMINA, DOSAGEM:25 MG",25047978.31,461,34527289.391,1.3065,0.01,43.2,152,247,2020-01-01,2025-01-01
224,BR0267676,"IBUPROFENO, DOSAGEM:600 MG",24882277.71,574,152199745.16,2.2145,0.0018,236.67,182,317,2020-01-01,2025-01-01
239,BR0267670,"HALOPERIDOL, DOSAGEM:1 MG",24819469.89,471,16956210.877,41.0741,0,18756,143,275,2020-01-01,2025-01-01
6030,BR0427532,"PERTUZUMABE, CONCENTRAÇÃO:30 MG/ML, FORMA FARMACÊUTICA:SOLUÇÃO INJETÁVEL",24786729.82,11,2550,9696.0727,8729.5,11339.16,5,7,2020-01-01,2023-01-01
742,BR0452935,"EXTRATO MEDICINAL, PRINCÍPIO ATIVO:ÓLEO DE CANABIDIOL, CONCENTRAÇÃO:200 MG/ML, FORMA FARMACÊUTICA:SOLUÇÃO ORAL",24490842.96,31,97490.36,1321.2872,1.876,2288.7,7,15,2021-01-01,2025-01-01
3564,BR0441461,"DARATUMUMABE, CONCENTRAÇÃO:20 MG/ML, FORMA FARMACÊUTICA:SOLUÇÃO INJETÁVEL",24469750.08,19,5981.191,4123.77,1448.91,6739,3,10,2020-01-01,2024-01-01
478,BR0455395,"USTEQUINUMABE, CONCENTRAÇÃO:5 MG/ML, FORMA FARMACÊUTICA:SOLUÇÃO INJETÁVEL",24357430.63,11,1021.352,28055.4255,17.85,93183.93,5,7,2020-01-01,2025-01-01
1740,BR0268395,"ANFOTERICINA B, DOSAGEM:50 MG, APLICAÇÃO:INJETÁVEL",24307504.21,46,53110.834,519.8053,0.7,2401.06,17,23,2020-01-01,2024-01-01
2109,BR0399010,"INSULINA, TIPO:GLARGINA, CONCENTRAÇÃO:100 UI/ML, FORMA FARMACEUTICA:SOLUÇÃO INJETÁVEL, CARACTERISTICA ADICIONAL:COM APLICADOR",24277562.55,83,1142730.216,41.9332,5.141,263.15,34,44,2020-01-01,2024-01-01
2102,BR0271725,"PIPERACILINA, COMPOSIÇÃO:ASSOCIADA COM TAZOBACTAMA, CONCENTRAÇÃO:4G + 500MG, APLICAÇÃO:INJETÁVEL",24243370.95,105,1550033.381,26.75,12.28,276.02,59,54,2020-01-01,2024-01-01
3928,BR0435232,"DIETA INFANTIL, INDICAÇÃO:A PARTIR DO NASCIMENTO, ASPECTO FÍSICO:PÓ, USO:ENTERAL OU ORAL, FONTE DE PROTEÍNA:PTN HIDROLISADA SORO LEITE, FONTE DE CARBOIDRATO:XAROPE GLICOSE, FONTE DE LIPÍDIOS:ÓLEOS VEGETAIS E/OU TCM E/OU ÓLEO PEIXE, COMPONENTES ADICIONAIS:AA'S,VIT.,MINERAIS, CARACTERÍSTICAS ADICIONAIS:ISENTO GLÚTEN,LACT.,SACAR.,FRUTOSE E GALACTOSE, ADICIONAIS:C/ LC PUFAS E NUCLEOTÍDEOS, SABOR:C/SABOR",24192977.15,9,122407947.08,59.1553,0.1925,175,9,7,2020-01-01,2024-01-01
1536,BR0268396,"ATRACÚRIO BESILATO, DOSAGEM:10 MG/ML, INDICAÇÃO:SOLUÇÃO INJETÁVEL",24091443.17,93,948160.894,21.2749,0,58,40,46,2020-01-01,2024-01-01
2151,BR0436418,"ALTEPLASE, CONCENTRAÇÃO:50 MG, FORMA FARMACÊUTICA:PÓ LIÓFILO P/ INJETÁVEL + DILUENTE",24011304.83,44,10513,2218.0937,2.472,3182.34,20,25,2020-01-01,2024-01-01
113,BR0267653,"ESPIRONOLACTONA, DOSAGEM:25 MG",23971323.49,658,137517775.978,0.5668,0,70,217,350,2020-01-01,2025-01-01
1121,BR0317779,"COMPRESSA GAZE, MATERIAL:TECIDO 100% ALGODÃO, TIPO:TIPO QUEIJO, CAMADAS:8 CAMADAS, QUANTIDADE FIOS:11 FIOS/CM², LARGURA:91 CM, COMPRIMENTO:91 M, DOBRAS:4 DOBRAS, CARACTERÍSTICAS ADICIONAIS:EMBALAGEM PLÁSTICA INDIVIDUAL",23863787.46,22,605504.38,28.68,0.09,52.8,19,17,2020-01-01,2025-01-01
109,BR0267502,"ÁCIDO ACETILSALICÍLICO, DOSAGEM:100 MG",23559491.5,814,528076801.625,0.6594,0,90,254,392,2020-01-01,2025-01-01
1161,BR0412091,"RIVAROXABANA, CONCENTRAÇÃO:20 MG",23451242.85,422,11153015.977,12.0499,0.18,308.49,173,173,2020-01-01,2025-01-01
514,BR0292418,"CIPROFLOXACINO CLORIDRATO, DOSAGEM:2 MG/ML, APRESENTAÇÃO:SOLUÇÃO INJETÁVEL",22997700.47,270,1219026.302,30.8832,0.35,709.84,134,141,2020-01-01,2025-01-01
1470,BR0271107,"CICLOSPORINA, CONCENTRAÇÃO:100 MG",22621132.33,24,4756297.453,27.2848,3.05,282.9,14,12,2020-01-01,2024-01-01
2384,BR0448577,"MICOFENOLATO, COMPOSIÇÃO:DE SÓDIO, CONCENTRAÇÃO:360 MG",22171572.55,32,5529650.656,6.194,3.77,11.943,21,14,2020-01-01,2024-01-01
3040,BR0427613,"BELIMUMABE, CONCENTRAÇÃO :120 MG, FORMA FARMACÊUTICA:PÓ LIÓFILO P/ INJETÁVEL",21780402.12,13,24347.745,637.3081,6.0949,970.15,10,8,2020-01-01,2024-01-01
2076,BR0268153,"SULFASSALAZINA, DOSAGEM:500 MG",21662647.18,38,25738060.019,2.9981,0.658,78.8,19,21,2020-01-01,2024-01-01
1562,BR0269971,"COMPRESSA GAZE, MATERIAL:TECIDO 100% ALGODÃO, TIPO:13 FIOS/CM2, MODELO:COR BRANCA,ISENTA DE IMPUREZAS, CAMADAS:8 CAMADAS, LARGURA:7,50 CM, COMPRIMENTO:7,50 CM, DOBRAS:5 DOBRAS, CARACTERÍSTICAS ADICIONAIS:DESCARTÁVEL",21327018.43,92,6373500.682,14.3824,0.3,30.08,74,58,2020-01-01,2024-01-01
2488,BR0435227,"DIETA ENTERAL, ASPECTO FÍSICO:LÍQUIDO, USO:ENTERAL OU ORAL, CARACTERÍSTICAS:HIPERCALÓRICA, NORMOPROTEICA E  NORMOLIPÍDICA, FONTE DE PROTEÍNA:CASEINATO E PTN ISOLADA SOJA, FONTE DE CARBOIDRATO:MALTODEXTRINA E SACAROSE, FONTE DE LIPÍDIOS:ÓLEOS VEGETAIS, COMPONENTES ADICIONAIS:AA'S,VIT.,MINERAIS, CARACTERÍSTICAS ADICIONAIS:ISENTA LACTOSE E GLÚTEN, SABOR:C/SABOR",21183686.89,6,814161503,9.4293,0.02,25.63,4,3,2020-01-01,2024-01-01
3644,BR0361382,"DEFERIPRONA, CONCENTRAÇÃO:500 MG",21040514.22,18,6114666.238,9.1139,0.39,11.34,8,8,2020-01-01,2024-01-01
1535,BR0340178,"CISATRACÚRIO BESILATO, CONCENTRAÇÃO:2 MG/ML, FORMA FARMACEUTICA:SOLUÇÃO INJETÁVEL",20660718.66,76,849591.338,24.4027,0,69.72,34,38,2020-01-01,2024-01-01
4014,BR0433816,"IMUNOGLOBULINA HUMANA, CONCENTRAÇÃO:100 MG/ML, FORMA FARMACEUTICA:SOLUÇÃO INJETÁVEL",20521551,4,12300,3581.635,41.99,9476.66,3,3,2022-01-01,2023-01-01
806,BR0433280,"LEVODOPA, COMPOSIÇÃO:ASSOCIADO À BENSERAZIDA, CONCENTRAÇÃO:100MG + 25 MG",20255953.12,290,19988418.199,1.416,0.0022,48.98,99,165,2020-01-01,2025-01-01
181,BR0330335,"SORAFENIBE TOSILATO, CONCENTRAÇÃO:200 MG",20195899.7,23,244865.82,331.3348,25.8,5735.4,9,13,2020-01-01,2025-01-01
3746,BR0430402,"TRASTUZUMABE, COMPOSIÇÃO:ENTANSINA, CONCENTRAÇÃO:160 MG, FORMA FARMACÊUTICA:PÓ LIOFILO INJETÁVEL",20185397.78,10,1962,10442.723,9499.7,12491.31,3,5,2021-01-01,2024-01-01
209,BR0268129,"LEVOMEPROMAZINA, DOSAGEM:100 MG",20047136.28,543,29630418.37,5.7931,0.0066,580,171,289,2020-01-01,2025-01-01
3445,BR0439252,"NUSINERSENA, CONCENTRAÇÃO:2,4 MG/ML, FORMA FARMACÊUTICA:SOLUÇÃO INJETÁVEL",19615340.84,8,138,81296.3743,247.616,348859.95,3,5,2020-01-01,2024-01-01
3936,BR0400776,"TRIPTORRELINA, COMPOSIÇÃO:SAL EMBONATO, CONCENTRAÇÃO:11,25 MG, FORMA FARMACEUTICA:PÓ LIÓFILO P/ INJETÁVEL",19468932.22,11,17118.202,1289.6745,898.85,1558,7,6,2020-01-01,2024-01-01
1062,BR0268107,"GABAPENTINA, DOSAGEM:300 MG",19233089.16,198,74953292.492,2.6271,0.2117,266.98,98,101,2020-01-01,2025-01-01
337,BR0411397,"PALIPERIDONA, COMPOSIÇÃO:NA FORMA PALMITATO, CONCENTRAÇÃO:100 MG/ML, FORMA FARMACÊUTICA:SUSPENSÃO INJETÁVEL, LIBERAÇÃO PROLONGADA",19155196.78,60,13489.917,1404.2808,900.59,3050,16,20,2020-01-01,2025-01-01
1152,BR0422156,"RUXOLITINIBE, CONCENTRAÇÃO:5 MG",18820023.57,11,81827.29,209.2727,183.14,252.58,7,6,2020-01-01,2025-01-01
2284,BR0435443,"FORMOTEROL FUMARATO, COMPOSIÇÃO:ASSOCIADO COM BUDESONIDA, CONCENTRAÇÃO:6 MCG + 200 MCG/DOSE, FORMA FARMACÊUTICA:SUSPENSÃO AEROSOL P/ INALAÇÃO, CARACTERÍSTICAS ADICIONAIS:COM FRASCO INALADOR",18808747.83,36,271754.829,3685.5874,0.7177,129490,17,17,2020-01-01,2024-01-01
274,BR0267743,"PREDNISONA, DOSAGEM:20 MG",18772342.04,670,74259754.614,3.1371,0,1149,223,369,2020-01-01,2025-01-01
860,BR0414431,"GOLIMUMABE, CONCENTRAÇÃO:50 MG, FORMA FARMACÊUTICA:SOLUÇÃO INJETÁVEL, CARACTERÍSTICA ADICIONAL:EM SERINGA PREENCHIDA,ACOPLADA Á CANETA APLICADORA",18749668.92,10,6312.8,3012.496,2599.76,3408.88,3,7,2021-01-01,2025-01-01
3443,BR0429165,"ALFA-1 ANTITRIPSINA (AAT), CONCENTRAÇÃO:1000 MG, FORMA FARMACÊUTICA:PÓ LIÓFILO P/ INJETÁVEL",18730875.94,15,20351.594,1274.222,536,5020.45,6,6,2020-01-01,2024-01-01
515,BR0292331,"SALBUTAMOL, DOSAGEM:0,4 MG/ML, FORMA FARMACÊUTICA:XAROPE",18238756.5,316,14928978.366,1.5879,0.0082,16,126,206,2020-01-01,2025-01-01
215,BR0442754,"GLICLAZIDA, CONCENTRAÇÃO:30 MG, FORMA FARMACÊUTICA:LIBERAÇÃO PROLONGADA",18175145.98,425,125452350.336,0.5811,0.0015,64.65,148,207,2020-01-01,2025-01-01
735,BR0271356,"ALPRAZOLAM, DOSAGEM:1 MG",18151099.96,315,22001752.081,0.9876,0.0026,30.1,151,181,2020-01-01,2025-01-01
142,BR0267778,"PARACETAMOL, DOSAGEM COMPRIMIDO:500 MG",18118815.93,620,205061886.96,1.113,0,110,211,352,2020-01-01,2025-01-01
2123,BR0268114,"LEFLUNOMIDA, DOSAGEM:20 MG",17635982.1,18,4414425.71,35.6514,3.12,520,8,10,2020-01-01,2024-01-01
167,BR0436771,"TRAMETINIBE, CONCENTRAÇÃO:2 MG",17112850.38,13,28118.846,559.5956,485.6083,682.9,3,8,2020-01-01,2025-01-01
2338,BR0342981,"OCTREOTIDA, COMPOSIÇÃO:SAL ACETATO, CONCENTRAÇÃO:30 MG, FORMA FARMACEUTICA:PÓ LIÓFILO P/ INJETÁVEL, CARACTERÍSTICA ADICIONAL:C/ SISTEMA DE APLICAÇÃO",17076328.06,16,2820.252,5832.76,4109.16,6811.97,7,8,2020-01-01,2024-01-01
529,BR0425182,"DEXTROCETAMINA, CONCENTRAÇÃO:50 MG/ML, FORMA FARMACÊUTICA:SOLUÇÃO INJETÁVEL",17016766.96,142,400273.909,86.9262,3.15,2619.44,56,80,2020-01-01,2025-01-01
5086,BR0427533,"IPILIMUMABE, CONCENTRAÇÃO:5 MG/ML, FORMA FARMACÊUTICA:SOLUÇÃO INJETÁVEL",16948211.86,10,1188.2,14983.426,13968.41,17034,1,6,2020-01-01,2023-01-01
884,BR0429846,"APIXABANA, CONCENTRAÇÃO:5 MG",16941236.48,137,1107819.141,66.7679,0.55,7700,71,69,2020-01-01,2025-01-01
2196,BR0433690,"ENZALUTAMIDA, CONCENTRAÇÃO:40 MG",16759752.52,28,209059.184,966.8496,71.39,13336,16,16,2020-01-01,2024-01-01
190,BR0437080,"RIOCIGUATE, CONCENTRAÇÃO:2,5 MG",16750151.33,11,90511.928,186.8964,164.55,218.59,2,8,2021-01-01,2025-01-01
3319,BR0418793,"VEMURAFENIBE, CONCENTRAÇAO:240 MG",16499257.96,9,132762.664,116.4601,1.4295,155.56,6,8,2020-01-01,2024-01-01
341,BR0285817,"SIROLIMO, DOSAGEM:1 MG",16480138.32,22,542144.592,231.1478,21.02,2350.7,18,14,2020-01-01,2025-01-01
3346,BR0277184,"VALGANCICLOVIR CLORIDRATO, DOSAGEM:450 MG",16248313.26,10,135446.94,115.813,90.98,143.73,8,6,2021-01-01,2024-01-01
579,BR0450890,"CEFTRIAXONA SÓDICA, CONCENTRAÇÃO:1 G, FORMA FARMACEUTICA:PÓ P/ SOLUÇÃO INJETÁVEL + DILUENTE",16032955.69,349,2898093.197,12.0929,1,776,177,202,2020-01-01,2025-01-01
5265,BR0465391,"SELEXIPAGUE, CONCENTRAÇÃO:1 MG",15921514.51,2,108018.574,136.005,124.61,147.4,1,2,2022-01-01,2023-01-01
57,BR0272434,"ANLODIPINO BESILATO, DOSAGEM:5 MG",15885281.01,694,495629420.256,0.5968,0,57.09,208,373,2020-01-01,2025-01-01
4374,BR0266827,"IMUNOGLOBULINA HUMANA, TIPO:ANTI RHO(D), DOSAGEM:300 MCG, APRESENTAÇÃO:SOLUÇÃO INJETÁVEL",15835422.05,64,69395.862,269.9042,150,455.44,42,49,2020-01-01,2023-01-01
4785,BR0377935,"INDICADOR QUÍMICO, CLASSE:CLASSE IV, TIPO USO:INTERNO, TIPO:MULTIPARAMÉTRICO, APRESENTAÇÃO:TIRAS COM APLICADOR, CARACTERÍSTICAS ADICIONAIS:ESTERILIZAÇÃO POR FORMALDEÍDO, APLICAÇÃO:PARA CONTROLE DE CARGA",15767325,1,670950,23.5,23.5,23.5,1,1,2023-01-01,2023-01-01
150,BR0267638,"CLORPROMAZINA, DOSAGEM:100 MG",15701857.21,634,63689027.266,1.3482,0,147.8,177,335,2020-01-01,2025-01-01
114,BR0273167,"NEOMICINA, COMPOSIÇÃO:ASSOCIADA COM BACITRACINA, CONCENTRAÇÃO:5MG + 250UI/G, TIPO MEDICAMENTO:POMADA",15684460.56,650,6578625.949,4.8003,0.0268,1500,205,359,2020-01-01,2025-01-01
1618,BR0442701,"CEFTRIAXONA SÓDICA, CONCENTRAÇÃO:1 G, FORMA FARMACEUTICA:PÓ P/ SOLUÇÃO INJETÁVEL",15623861.53,423,2893290.949,12.6716,0.0021,599.5,189,230,2020-01-01,2024-01-01
788,BR0344564,"SUNITINIBE, COMPOSIÇÃO:MALATO, CONCENTRAÇÃO:50 MG",15622753.44,16,29021.14,3307.9898,100.9,23879,12,8,2020-01-01,2025-01-01
516,BR0292427,"DEXAMETASONA, DOSAGEM:4 MG/ML, FORMA FARMACÊUTICA:SOLUÇÃO INJETÁVEL",15577764.48,661,8262758.353,8.3247,0.0238,850,241,355,2020-01-01,2025-01-01
551,BR0272796,"HEPARINA SÓDICA, DOSAGEM:5.000UI/ML, INDICAÇÃO:INJETÁVEL",15467983.01,485,1003680.322,19.8996,0.73,673,206,230,2020-01-01,2025-01-01
862,BR0271773,"BROMAZEPAM, DOSAGEM:3 MG",15317182.98,347,37976131.477,0.6215,0,34,136,205,2020-01-01,2025-01-01
1057,BR0448579,"MICOFENOLATO, COMPOSIÇÃO:MOFETILA, CONCENTRAÇÃO:500 MG",15273349.92,77,7792923.276,14.4332,0.91,306.6,46,33,2020-01-01,2025-01-01
7184,BR0268394,"ANFOTERICINA B, DOSAGEM:50 MG, CARACTERÍSTICAS ADICIONAIS:LIPOSOMAL, APLICAÇÃO:INJETÁVEL",15209541.73,7,8851.54,1758.2286,1380,1943.3,6,5,2020-01-01,2022-01-01
85,BR0268252,"DIPIRONA SÓDICA, DOSAGEM:500 MG/ML, APRESENTAÇÃO:SOLUÇÃO INJETÁVEL",15205811.43,686,16306413.127,4.2235,0.0067,1030,243,372,2020-01-01,2025-01-01
3639,BR0478939,"RISDIPLAM, CONCENTRAÇÃO:0,75 MG/ML, FORMA FARMACÊUTICA:PÓ PARA SOLUÇÃO ORAL",15177010.04,4,346,44367.265,43136.03,47024,2,2,2021-01-01,2024-01-01
53,BR0448595,"PREDNISOLONA, COMPOSIÇÃO:FOSFATO SÓDICO, CONCENTRAÇÃO:3 MG/ML, FORMA FARMACEUTICA:SOLUÇÃO ORAL",15149457.88,541,5000557.91,6.2622,0.0495,374,170,296,2020-01-01,2025-01-01
4524,BR0269972,"COMPRESSA GAZE, MATERIAL:TECIDO 100% ALGODÃO, TIPO:11 FIOS/CM2, MODELO:COR BRANCA,ISENTA DE IMPUREZAS, CAMADAS:8 CAMADAS, LARGURA:7,50 CM, COMPRIMENTO:7,50 CM, DOBRAS:5 DOBRAS, CARACTERÍSTICAS ADICIONAIS:DESCARTÁVEL",15144734.38,29,901202.355,22.6227,0.3,230,23,17,2020-01-01,2023-01-01
1676,BR0608495,"BELIMUMABE, 200 MG/ML, SOLU&#199;&#195;O INJET&#193;VEL, SERINGA PREENCHIDA C/ CANETA APLICADORA",15073291.85,3,10545,1336.72,1205.9,1440.91,3,3,2024-01-01,2024-01-01
4410,BR0333328,"REAGENTE PARA DIAGNÓSTICO CLÍNICO 5, TIPO:CONJUNTO COMPLETO PARA AUTOMAÇÃO, TIPO DE ANÁLISE:QUANTITATIVO DE PROTEÍNA ""C"" REATIVA, MÉTODO:IMUNOTURBIDIMETRIA, APRESENTAÇÃO:TESTE",15000333.11,5,2564.375,1204.154,4.92,6000,3,3,2020-01-01,2023-01-01
298,BR0303292,"RINGER, COMPOSIÇÃO:ASSOCIADO COM LACTATO DE SÓDIO, FORMA FARMACÊUTICA:SOLUÇÃO INJETÁVEL, CARACTERÍSTICA ADICIONAL:SISTEMA FECHADO",14895831.1,451,2957558.674,5.4557,0.06,185,200,256,2020-01-01,2025-01-01
79,BR0270907,"PARACETAMOL, APRESENTAÇÃO:ASSOCIADO COM CODEÍNA, DOSAGEM:500MG + 30MG",14875082.02,311,28976877.991,2.4897,0.1,117.3,133,162,2020-01-01,2025-01-01
2083,BR0273820,"SILDENAFILA, COMPOSIÇÃO:SAL CITRATO, CONCENTRAÇÃO:25 MG",14803173.37,22,6998650.698,3.1993,0.7575,8.35,21,14,2020-01-01,2024-01-01
1308,BR0272853,"VIGABATRINA, DOSAGEM:500 MG",14794004.66,43,4211233.511,31.8304,2.61,410,33,24,2020-01-01,2024-01-01
3220,BR0292240,"MESALAZINA, CONCENTRAÇÃO:1 G, FORMA FARMACÊUTICA:USO RETAL",14770780.35,16,1202318.348,33.1531,10.65,302,11,9,2020-01-01,2024-01-01
3690,BR0448702,"ETANERCEPTE, CONCENTRAÇAO:50 MG/ML, FORMA FARMACEUTICA:SOLUÇÃO INJETÁVEL, CARACTERÍSTICAS ADICIONAIS:SERINGA PREENCHIDA",14732318.27,15,21237,1127.0329,377.88,6010.9,11,11,2020-01-01,2024-01-01
2282,BR0433437,"ACESSÓRIO BOMBA INSULINA, TIPO ACESSÓRIO:CONJUNTO DE INFUSÃO, MATERIAL:POLÍMERO, COMPONENTE:CATÉTER CERCA 60 CM C/ CONECTOR LUER LOCK, COMPONENTE I:C/ CÂNULA INFUSÃO CERCA 8 MM, COMPONENTE II:SUPORTE, TAMPA E ADESIVO PROTETOR, CARACTERÍSTICA ADICIONAL:P/ INSERÇÃO C/ APLICADOR",14715758.3,21,2026,58087.2262,73.15,1207000,6,6,2020-01-01,2024-01-01
1471,BR0433218,"INSULINA, TIPO:DEGLUDECA, CONCENTRAÇÃO:100 UI/ML, FORMA FARMACEUTICA:SOLUÇÃO INJETÁVEL, CARACTERISTICA ADICIONAL:COM APLICADOR",14530509.35,108,130223.119,117.893,1.1746,215,38,53,2020-01-01,2024-01-01
124,BR0268124,"LEVOTIROXINA SÓDICA, DOSAGEM:25 MCG",14502887.31,513,129171793.56,0.2159,0.0007,11.0349,146,267,2020-01-01,2025-01-01
3479,BR0268466,"CONTRASTE RADIOLÓGICO, APRESENTAÇÃO:NÃO IÔNICO DE BAIXA OSMOLARIDADE, DOSAGEM:MÍNIMO DE 300MG/ML DE IODO, CARACTERISTICAS ADICIONAIS:INJETÁVEL",14486239.55,22,95906.49,118.8545,23,285,11,9,2020-01-01,2024-01-01
275,BR0272089,"SULFADIAZINA, PRINCÍPIO ATIVO:DE PRATA, DOSAGEM:1%, INDICAÇÃO:CREME",14310363.62,677,2272290.58,18.9171,0.03,1500,233,341,2020-01-01,2025-01-01
115,BR0267510,"AMIODARONA, DOSAGEM:200 MG",14184809.12,606,39125390.373,2.4888,0.0045,324.06,202,314,2020-01-01,2025-01-01
2309,BR0429826,"VISMODEGIBE, CONCENTRAÇÃO:150 MG",14156181.09,11,16107.74,3635.9714,8.19,32667.06,7,10,2020-01-01,2024-01-01
3219,BR0331539,"TIGECICLINA, CONCENTRAÇÃO:50 MG, FORMA FARMACÊUTICA:PÓ LIÓFILO P/ INJETÁVEL",14062410.51,23,81379.969,176.633,58,249.88,14,11,2020-01-01,2024-01-01
838,BR0452496,"DABRAFENIBE, CONCENTRAÇÃO:75 MG",14009733.26,15,59710.56,235.2864,211.19,264.65,7,9,2020-01-01,2025-01-01
533,BR0448983,"HEPARINA SÓDICA, CONCENTRAÇÃO:20.000 UI/ML, FORMA FARMACEUTICA:SOLUÇÃO INJETÁVEL",13970705.95,132,1857319.245,9.4037,4.07,138,67,90,2020-01-01,2025-01-01
2596,BR0272808,"ISOTRETINOÍNA, DOSAGEM:20 MG",13894687.98,24,15991875.04,11.9838,0.46,257.81,19,12,2020-01-01,2024-01-01
157,BR0267745,"SINVASTATINA, DOSAGEM:40 MG",13863578.68,485,104020366.72,2.2421,0.003,190,178,266,2020-01-01,2025-01-01
195,BR0448844,"CETOPROFENO, CONCENTRAÇAO:100 MG, FORMA FARMACEUTICA:PÓ LIÓFILO P/ INJETÁVEL",13781908.6,446,3860642.895,6.1296,0.032,318,180,239,2020-01-01,2025-01-01
262,BR0272454,"CARBAMAZEPINA, DOSAGEM:20 MG/ML, APRESENTAÇÃO:SUSPENSÃO ORAL",13745537.38,544,1612950.302,11.7551,0.0792,575.21,170,305,2020-01-01,2025-01-01
2439,BR0439609,"GLICOPIRRÔNIO, COMPOSIÇÃO:SAL BROMETO, CONCENTRAÇÃO:50 MCG, FORMA FARMACÊUTICA:CÁPSULA PÓ P/ INALAÇÃO, ADICIONAL:COM INALADOR",13634675.05,32,864771.227,59.5132,3.94,451,14,19,2020-01-01,2024-01-01
3387,BR0331754,"REAGENTE PARA DIAGNÓSTICO CLÍNICO 5, TIPO:CONJUNTO COMPLETO PARA AUTOMAÇÃO, TIPO DE ANÁLISE:QUANTITATIVO DE HDL COLESTEROL, MÉTODO:DIRETO, APRESENTAÇÃO:TESTE",13537493.32,10,8719.75,335.8146,0.476,2700,9,7,2020-01-01,2024-01-01
1260,BR0277513,"FLUOXETINA, DOSAGEM:20 MG/ML, APRESENTAÇÃO:SOLUÇÃO ORAL, GOTAS",13488704.67,66,386654.801,40.5492,0.09,88,42,42,2020-01-01,2024-01-01
496,BR0412094,"FINGOLIMODE CLORIDRATO, CONCENTRAÇÃO:0,5 MG",13437776.57,36,218840.748,108.1306,34.36,221.28,17,19,2020-01-01,2025-01-01
686,BR0412092,"RIVAROXABANA, CONCENTRAÇÃO:15 MG",13429181.03,287,4723161.166,9.4699,0.16,282,112,130,2020-01-01,2025-01-01
696,BR0268376,"ALBUMINA HUMANA, CONCENTRAÇÃO:20%, USO:INJETÁVEL",13428594.53,71,115706.614,133.4885,3.5,463.73,46,42,2020-01-01,2025-01-01
125,BR0268123,"LEVOTIROXINA SÓDICA, DOSAGEM:50 MCG",13362513.39,522,127810409.602,0.3415,0,15.69,149,259,2020-01-01,2025-01-01
28,BR0267567,"CARVEDILOL, DOSAGEM:25 MG",13356428.29,492,61750283.564,0.9964,0,200,181,254,2020-01-01,2025-01-01
1965,BR0268513,"OXACILINA, DOSAGEM:500 MG, COMPOSIÇÃO:INJETÁVEL",13339343.4,199,2431740.954,6.9604,0.64,376.34,111,123,2020-01-01,2024-01-01
2661,BR0477861,"FLUTICASONA, COMPOSIÇÃO:ASSOCIADA AO UMECLIDÍNIO E VILANTEROL, CONCENTRAÇÃO:100 MCG/DOSE + 62,5 MCG/DOSE + 25 MCG/DOSE, FORMA FARMACÊUTICA:PÓ PARA INALAÇÃO, ADICIONAL:COM INALADOR",13123046.04,26,86698.386,236.2173,93.49,329,12,14,2021-01-01,2024-01-01
140,BR0270140,"BIPERIDENO, DOSAGEM:2 MG",13118111.43,618,63353788.897,1.3017,0,119,164,332,2020-01-01,2025-01-01
508,BR0274149,"ERTAPENEM SÓDICO, DOSAGEM:1 G, APRESENTAÇÃO:INJETÁVEL",13087939.32,25,42373.644,266.1792,129,492,14,13,2020-01-01,2025-01-01
2021,BR0292238,"MESALAZINA, CONCENTRAÇÃO:800 MG",13056250.63,61,20996218.606,16.3776,0.4353,765,39,33,2020-01-01,2024-01-01
251,BR0268162,"MICONAZOL NITRATO, DOSAGEM:2%, APRESENTAÇÃO:CREME VAGINAL",12885662.23,413,1947993.427,24.2768,0.0556,7195,156,257,2020-01-01,2025-01-01
1642,BR0268488,"MEROPENEM, DOSAGEM:1 G, APRESENTAÇÃO:INJETÁVEL",12816130.32,89,625827.037,27.532,13.68,124.744,50,45,2020-01-01,2024-01-01
119,BR0267292,"IMIPRAMINA, PRINCÍPIO ATIVO:CLORIDRATO, DOSAGEM:25 MG",12803970.78,471,34762479.595,0.5033,0,28.5,125,253,2020-01-01,2025-01-01
947,BR0459790,"BENRALIZUMABE, CONCENTRAÇÃO:30 MG/ML, FORMA FARMACÊUTICA:SOLUÇÃO INJETÁVEL, ADICIONAL:SERINGA PREENCHIDA",12710976.38,24,1236,10013.3396,426.81,12560.22,7,11,2020-01-01,2025-01-01
134,BR0267660,"FENOBARBITAL SÓDICO, DOSAGEM:100 MG",12708307.9,697,95654555.97,0.9956,0,96,194,371,2020-01-01,2025-01-01
1344,BR0272379,"VENLAFAXINA, COMPOSIÇÃO:SAL CLORIDRATO, CONCENTRAÇÃO:75 MG, APRESENTAÇÃO:LIBERAÇÃO CONTROLADA",12557252.67,143,9425998.01,9.779,0.34,318.23,75,82,2020-01-01,2024-01-01
576,BR0272336,"DIMENIDRINATO, APRESENTAÇÃO:ASSOCIADO COM PIRIDOXINA + GLICOSE + FRUTOSE, DOSAGEM:3MG + 5MG + 100MG + 100MG/ML, TIPO MEDICAMENTO:SOLUÇÃO INJETÁVEL",12538274.5,255,1734373.267,7.0937,1.2269,303.3,85,148,2020-01-01,2025-01-01
3685,BR0448767,"TENECTEPLASE, CONCENTRAÇÃO:50 MG, FORMA FARMACEUTICA:PÓ LIÓFILO P/ INJETÁVEL, CARACTERISTICA ADICIONAL:SERINGA PREENCHIDA",12517938.03,10,1770,7337.739,6173.89,8067.93,9,5,2021-01-01,2024-01-01
4372,BR0333330,"REAGENTE PARA DIAGNÓSTICO CLÍNICO 5, TIPO:CONJUNTO COMPLETO PARA AUTOMAÇÃO, TIPO DE ANÁLISE:QUANTITATIVO DE ALFA-1 GLICOPROTEÍNA ÁCIDA, MÉTODO:IMUNOTURBIDIMETRIA, APRESENTAÇÃO:TESTE",12500007.59,2,2501.875,2502.025,4.05,5000,1,1,2022-01-01,2023-01-01
3210,BR0353398,"SURFACTANTE PULMONAR, COMPOSIÇÃO:FRAÇÃO FOSFOLIPÍDICA DE PULMÃO PORCINO, CONCENTRAÇÃO:80 MG/ML, FORMA FARMACEUTICA:SUSPENSÃO PARA INSTILAÇÃO ENDOTRAQUEOBRÔNQUICA",12492014.91,35,11489.706,1430.1837,1.388,2089.65,17,20,2020-01-01,2024-01-01
161,BR0267663,"FUROSEMIDA, DOSAGEM:40 MG",12479713.74,746,219547289.388,0.8091,0,90,241,393,2020-01-01,2025-01-01
1981,BR0434252,"PIRFENIDONA, CONCENTRAÇÃO:267 MG",12422886.5,27,426150.855,1373.7491,26.87,9812.673,13,19,2020-01-01,2024-01-01
928,BR0450891,"CEFTRIAXONA SÓDICA, CONCENTRAÇÃO:1 G, FORMA FARMACEUTICA:PÓ P/ SOLUÇÃO INJETÁVEL + LIDOCAÍNA",12394660,140,2317220.602,8.6821,2.8,35,74,87,2020-01-01,2025-01-01
3553,BR0365048,"LENALIDOMIDA, CONCENTRAÇÃO:10 MG",12363983.35,12,25046.51,674.6709,459.88,797.79,6,7,2020-01-01,2024-01-01
583,BR0272045,"CLOPIDOGREL, DOSAGEM:75 MG",12359533.96,603,46237855.846,1.5162,0.0115,128.76,224,307,2020-01-01,2025-01-01
2294,BR0465749,"UMECLIDÍNIO BROMETO, CONCENTRAÇÃO:62,5 MCG/DOSE, FORMA FARMACÊUTICA:PÓ INALANTE, ADICIONAL:COM INALADOR",12346521.52,32,195409.2,115.5926,2.739,279,19,18,2020-01-01,2024-01-01
6,BR0268493,"DOXAZOSINA MESILATO, COMPOSIÇÃO:2 MG",12266180.65,443,60047949.95,0.2103,0.0553,6.87,137,222,2020-01-01,2025-01-01
87,BR0267564,"CARVEDILOL, DOSAGEM:12,5 MG",12214168.04,541,80748495.032,0.6122,0,145,189,294,2020-01-01,2025-01-01
143,BR0267632,"CIPROFLOXACINO CLORIDRATO, DOSAGEM:500 MG",12189212.23,642,44041225.55,1.8764,0.0026,162.5,198,362,2020-01-01,2025-01-01
2084,BR0268098,"TACROLIMO, DOSAGEM:1 MG",12007488.82,31,3045649.144,3.6982,1.1,7.1,16,17,2020-01-01,2024-01-01
20,BR0267283,"ESCOPOLAMINA BUTILBROMETO, DOSAGEM:10 MG",11871566.53,384,23903154.998,0.625,0.1,11,126,216,2020-01-01,2025-01-01
3075,BR0466650,"DUPILUMABE, CONCENTRAÇÃO:175 MG/ML, FORMA FARMACÊUTICA:SOLUÇÃO INJETÁVEL, ADICIONAL:SERINGA PREENCHIDA",11502284.67,14,3151,3828.3682,3012.2,7397.8,6,10,2020-01-01,2024-01-01
1774,BR0308877,"SEVOFLURANO, FORMA FARMACÊUTICA:LÍQUIDO INALANTE",11440311.01,104,43413.4,361.0958,0.51,1218.5,48,56,2020-01-01,2024-01-01
81,BR0267205,"DIPIRONA SÓDICA, DOSAGEM:500 MG/ML, APRESENTAÇÃO:SOLUÇÃO ORAL (GOTAS)",11426982.66,645,25223486.634,1.3601,0.0173,89.88,226,362,2020-01-01,2025-01-01
797,BR0465440,"CEMIPLIMABE, CONCENTRAÇÃO:50 MG/ML, FORMA FARMACÊUTICA:INJETÁVEL",11417146.7,9,325,34188.6733,31618,37492.7,7,5,2022-01-01,2025-01-01
1302,BR0268495,"DOXAZOSINA MESILATO, COMPOSIÇÃO:4 MG",11345589.33,159,11334710.36,2.677,0.108,88.73,83,92,2020-01-01,2024-01-01
3059,BR0604259,"MESALAZINA, CONCENTRAÇÃO:800 MG, FORMA FARMACÊUTICA:LIBERAÇÃO PROLONGADA",11337121.62,2,17176677,0.88,0.66,1.1,2,2,2024-01-01,2024-01-01
1748,BR0360501,"FRALDA DESCARTÁVEL, TIPO FORMATO:ANATÔMICO, TAMANHO:GRANDE, PESO USUÁRIO:ACIMA DE 90 KG, CARACTERÍSTICAS ADICIONAIS:FLOCOS DE GEL, ABAS ANTIVAZAMENTO, FAIXA AJUSTÁVEL, TIPO ADESIVO FIXAÇÃO:FITAS ADESIVAS MULTIAJUSTÁVEIS,REUTILIZÁVEIS, USO:ALGODÃO NÃO DESFAÇA QUANDO MOLHADO",11272205.95,96,8116459.886,4.2154,0.47,38.9,74,62,2020-01-01,2024-01-01
4883,BR0308729,"BEZAFIBRATO, DOSAGEM:400 MG, FORMA FARMACÊUTICA:DESINTEGRAÇÃO LENTA",11264009.12,7,4770839.808,3.0029,2.33,5.75,6,4,2020-01-01,2023-01-01
732,BR0271774,"BROMAZEPAM, DOSAGEM:6 MG",11180489.39,288,37635714.646,0.4626,0.0035,16.9,118,170,2020-01-01,2025-01-01
3477,BR0448276,"LENVATINIBE, CONCENTRAÇÃO:10 MG",11124984.9,13,46765.06,1566.8677,0,9162,7,7,2021-01-01,2024-01-01
3588,BR0442073,"INTERFERONA, COMPOSIÇÃO:BETA 1A, CONCENTRAÇÃO:60 MCG/ML, FORMA FARMACEUTICA:SOLUÇÃO INJETÁVEL, ADICIONAL:SERINGA PREENCHIDA C/ SISTEMA APLICAÇÃO",11105607.2,6,5462,1365.6433,0,3788,3,3,2021-01-01,2024-01-01
273,BR0268128,"LEVOMEPROMAZINA, DOSAGEM:25 MG",11010544.84,504,27607095.951,3.0047,0,220,149,273,2020-01-01,2025-01-01
481,BR0442723,"OSIMERTINIBE, CONCENTRAÇÃO:80 MG",10992992.54,16,12966.3,3462.3288,9.8,42544.73,7,10,2020-01-01,2025-01-01
3742,BR0332849,"CALCIPOTRIOL, DOSAGEM:50 MCG/G, USO:POMADA",10974412.02,15,2221530.604,56.8212,0.85,250.06,5,8,2020-01-01,2024-01-01
695,BR0270495,"COLAGENASE, APRESENTAÇÃO:ASSOCIADA COM CLORANFENICOL, CONCENTRAÇÃO:0,6UI + 1%, USO:POMADA",10878172.93,408,1314046.01,14.234,0.11,191.59,137,238,2020-01-01,2025-01-01
4017,BR0305257,"LEUPRORRELINA ACETATO, CONCENTRAÇÃO:3,75 MG, FORMA FARMACÊUTICA:PÓ LIÓFILO P/INJETÁVEL",10848954.72,33,46408.693,273.2292,198.79,421.36,23,15,2020-01-01,2023-01-01
156,BR0392264,"CARBAMAZEPINA, CONCENTRAÇÃO:20 MG/ML, FORMA FARMACEUTICA:XAROPE",10845762.83,69,2935615.537,12.6371,0.06,30.47,46,62,2020-01-01,2025-01-01
280,BR0272782,"CODEÍNA, DOSAGEM:30 MG",10667954.93,139,11631147.239,1.3392,0.45,44.35,45,81,2020-01-01,2025-01-01
123,BR0273467,"LORATADINA, CONCENTRAÇÃO:1MG/ML, TIPO MEDICAMENTO:XAROPE",10573097.68,585,77429122.89,3.2366,0.018,36.3,179,305,2020-01-01,2025-01-01
246,BR0270846,"ESTRADIOL, APRESENTAÇÃO:VALERATO ASSOCIADO COM NORETISTERONA ENANTATO, DOSAGEM:5MG + 50MG/1ML, USO:INJETÁVEL",10557255.89,211,803403.668,13.3951,2.99,38.75,76,126,2020-01-01,2025-01-01
3821,BR0455199,"IMUNOGLOBULINA HUMANA, CONCENTRAÇÃO:5 G, FORMA FARMACEUTICA:INJETÁVEL",10520672.78,12,5376.676,1805.2258,3.72,4237.9,10,8,2020-01-01,2024-01-01
1639,BR0433685,"RUXOLITINIBE, CONCENTRAÇÃO:20 MG",10500332.19,9,30845.318,361.3067,243.93,438.31,7,8,2021-01-01,2024-01-01
41,BR0353333,"AMOXICILINA, PRINCÍPIO ATIVO:ASSOCIADA COM CLAVULANATO DE POTÁSSIO, CONCENTRAÇÃO:875MG + 125MG",10496966.2,83,5417998.317,6.7605,0.65,192.63,60,57,2020-01-01,2025-01-01
1724,BR0380597,"FRALDA DESCARTÁVEL, TIPO FORMATO:ANATÔMICO, TAMANHO:EXTRA GRANDE, PESO USUÁRIO:ACIMA DE 120 KG, CARACTERÍSTICAS ADICIONAIS:FLOCOS DE GEL, ABAS ANTIVAZAMENTO, FAIXA AJUSTÁVEL, TIPO ADESIVO FIXAÇÃO:FITAS ADESIVAS MULTIAJUSTÁVEIS,REUTILIZÁVEIS, USO:ALGODÃO NÃO DESFAÇA QUANDO MOLHADO",10427734.21,117,7511356.341,4.8248,0.62,97.77,85,67,2020-01-01,2024-01-01
1787,BR0302443,"DULOXETINA, CONCENTRAÇÃO:60 MG, FORMA FARMACÊUTICA:MICROGRÂNULOS DE LIBERAÇÃO LENTA",10396601.65,285,4239954.429,12.8212,0.01,389.1233,127,125,2020-01-01,2024-01-01
3145,BR0432637,"CRIZOTINIBE, CONCENTRAÇÃO :250 MG",10384942.37,8,19467.342,456.417,406.49,565,7,6,2020-01-01,2024-01-01
88,BR0270621,"ESCOPOLAMINA BUTILBROMETO, APRESENTAÇÃO:ASSOCIADA COM DIPIRONA SÓDICA, DOSAGEM:4MG + 500MG/ML, INDICAÇÃO:SOLUÇÃO INJETÁVEL",10296392.83,495,3902589.452,8.2073,0.37,895.43,221,302,2020-01-01,2025-01-01
612,BR0267657,"FENITOÍNA SÓDICA, DOSAGEM:100 MG",10204662.4,649,89682318.284,1.0026,0,140.111,170,344,2020-01-01,2025-01-01
129,BR0267669,"HALOPERIDOL, DOSAGEM:5 MG",10180549.97,651,74178002.442,8.7913,0,5000,160,361,2020-01-01,2025-01-01
3016,BR0475000,"TRIPTORRELINA, COMPOSIÇÃO:SAL EMBONATO, CONCENTRAÇÃO:22,5 MG, FORMA FARMACEUTICA:PÓ LIÓFILO P/ INJETÁVEL + DILUENTE, CARACTERÍSTICAS ADICIONAIS:LIBERAÇÃO PROLONGADA",10149170.8,8,3863,2620.8625,2300,3125,7,7,2022-01-01,2024-01-01
826,BR0442755,"GLICLAZIDA, CONCENTRAÇÃO:60 MG, FORMA FARMACÊUTICA:LIBERAÇÃO PROLONGADA",10143985.68,277,33568453.93,4.1596,0.0026,153.34,120,126,2020-01-01,2025-01-01
3621,BR0318990,"SOMATROPINA, PRINCÍPIO ATIVO:SOMATOTROFINA HUMANA RECOMBINANTE, DOSAGEM:36 UI, FORMA FARMACÊUTICA:PÓ LIÓFILO P/ INJETÁVEL + DILUENTE",10046798.92,6,11476.848,808.6033,0,1283.32,3,4,2022-01-01,2024-01-01
153,BR0267652,"ENALAPRIL MALEATO, DOSAGEM:20 MG",10015898.3,540,212067622.37,0.8295,0,90,187,303,2020-01-01,2025-01-01
1438,BR0485312,"MÁSCARA CIRÚRGICA, MATERIAL:NÃO TECIDO 100% POLIPROPILENO, FILTRO:ELEMENTO FILTRANTE INTERNO, EFICIÊNCIA:EFP MAIOR QUE 98% E BFE MAIOR QUE 95%, QUANTIDADE CAMADAS:MÍNIMO 3 CAMADAS, MODELO:AJUSTÁVEL, CLIPE NASAL, FORMATO:RETANGULAR, C/ PREGAS HORIZONTAIS, COR:C/ COR, TAMANHO:ADULTO, ESTERILIDADE:DESCARTÁVEL",9964225.58,38,2016373.01,3.1547,0.069,16.95,35,32,2021-01-01,2024-01-01
636,BR0268532,"TENOXICAM, DOSAGEM:20 MG, INDICAÇÃO:INJETÁVEL",9959245.36,187,1576486.637,34.184,0.29,3000,98,111,2020-01-01,2025-01-01
276,BR0294643,"IBUPROFENO, DOSAGEM:50 MG/ML, FORMA FARMACÊUTICA:SUSPENSÃO ORAL",9951253.51,533,9749221.872,4.3303,0.04,1130,168,301,2020-01-01,2025-01-01
136,BR0292194,"HALOPERIDOL, APRESENTAÇÃO:SAL DECANOATO, CONCENTRAÇÃO:50 MG/ML, TIPO USO:SOLUÇÃO INJETÁVEL",9950687.18,572,1734835.632,10.3866,0.19,621.3,170,313,2020-01-01,2025-01-01
363,BR0269894,"LUVA PARA PROCEDIMENTO NÃO CIRÚRGICO, MATERIAL:LÁTEX NATURAL ÍNTEGRO E UNIFORME, TAMANHO:PEQUENO, CARACTERÍSTICAS ADICIONAIS:LUBRIFICADA COM PÓ BIOABSORVÍVEL, DESCARTÁVEL, APRESENTAÇÃO:ATÓXICA, TIPO:AMBIDESTRA, TIPO USO:DESCARTÁVEL, MODELO:FORMATO ANATÔMICO, FINALIDADE:RESISTENTE À TRAÇÃO",9878183.24,165,1054424.487,33.2217,0.14,120,101,99,2020-01-01,2025-01-01
37,BR0266788,"NISTATINA, DOSAGEM:25.000 UI/G, APRESENTAÇÃO:CREME VAGINAL",9869298.45,510,2685230.905,5.398,0.03,167.04,163,315,2020-01-01,2025-01-01
6752,BR0433074,"ATALURENO, CONCENTRAÇÃO:125 MG, FORMA FARMACÊUTICA:GRANULADO PARA SUSPENSÃO ORAL",9856512,2,1080,9126.4,588.8,17664,1,1,2022-01-01,2022-01-01
3780,BR0268108,"GOSSERRELINA ACETATO, DOSAGEM:10,80 MG, INDICAÇÃO:SOLUÇÃO INJETÁVEL",9809558.54,17,3851.985,5876.8059,889.8,78666,7,13,2020-01-01,2024-01-01
2350,BR0268079,"AMANTADINA, CONCENTRAÇÃO:100 MG",9750948.59,66,17550554.67,0.9984,0.3,10.6,34,39,2020-01-01,2024-01-01
178,BR0446772,"PALBOCICLIBE, CONCENTRAÇÃO:125 MG",9724722.5,19,26039.52,1081.5645,0,11110.68,11,11,2020-01-01,2025-01-01
3646,BR0457717,"EMICIZUMABE, CONCENTRAÇÃO:30 MG/ML, FORMA FARMACÊUTICA:INJETÁVEL",9717510.22,6,785,12249.5033,10385,13757.5,3,5,2020-01-01,2024-01-01
103,BR0270119,"CLONAZEPAM, DOSAGEM:2 MG",9693465.74,724,174199441.243,0.4918,0,131,195,355,2020-01-01,2025-01-01
3933,BR0457718,"EMICIZUMABE, CONCENTRAÇÃO:150 MG/ML, FORMA FARMACÊUTICA:INJETÁVEL",9662552.84,9,278,35048.4322,20771,43634.29,2,3,2020-01-01,2024-01-01
106,BR0270120,"CLONAZEPAM, DOSAGEM:2,5 MG/ML, APRESENTAÇÃO:SOLUÇÃO ORAL- GOTAS",9603305.89,594,4965899.916,4.175,0.0463,480,208,325,2020-01-01,2025-01-01
4,BR0268273,"NITROFURANTOÍNA, DOSAGEM:100 MG",9491589.22,400,33304311.06,0.3564,0.1538,8.86,133,224,2020-01-01,2025-01-01
808,BR0309441,"TRAMADOL CLORIDRATO, DOSAGEM:100 MG",9482521.34,93,2623809.383,8.8008,0.19,125.91,55,64,2020-01-01,2025-01-01
283,BR0448616,"HIDRÓXIDO DE FERRO III, CONCENTRAÇÃO:20 MG/ML, FORMA FARMACEUTICA:SOLUÇÃO INJETÁVEL",9476715.77,125,1250004.405,12.222,0,66.67,73,82,2020-01-01,2025-01-01
1492,BR0268119,"HIDROXICLOROQUINA SULFATO, DOSAGEM:400 MG",9414916,113,7872362.922,18.8547,0.82,1369,56,69,2020-01-01,2024-01-01
2152,BR0437082,"RIOCIGUATE, CONCENTRAÇÃO:2 MG",9372302.2,12,51926.05,1098.6888,162.28,11090.39,4,8,2021-01-01,2024-01-01
1180,BR0297775,"ENZIMAS PANCREÁTICAS, PRINCÍPIO ATIVO:PANCREATINA ( AMILASE + LIPASE + PROTEASE ), DOSAGEM:10.000 UI",9351097.32,18,5981887.59,1.2267,1.04,2.23,7,10,2021-01-01,2025-01-01
128,BR0267674,"HIDROCLOROTIAZIDA, DOSAGEM:25 MG",9301108.87,627,418313736.428,0.2694,0,29.4,199,345,2020-01-01,2025-01-01
137,BR0292382,"TRAMADOL CLORIDRATO, DOSAGEM:50 MG/ML, FORMA FARMACÊUTICA:SOLUÇÃO INJETÁVEL",9263723.34,651,4814838.395,3.519,0.14,362.4,208,335,2020-01-01,2025-01-01
7393,BR0440665,"TRASTUZUMABE, CONCENTRAÇÃO:120 MG/ML, FORMA FARMACÊUTICA:SOLUÇÃO INJETÁVEL",9246781,4,1089.26,8339.495,7863.4,8519.8,1,2,2020-01-01,2022-01-01
78,BR0267690,"METFORMINA CLORIDRATO, DOSAGEM:500 MG",9212442.29,448,91434148.062,0.9334,0,81.2,172,258,2020-01-01,2025-01-01
387,BR0428616,"TOUCA HOSPITALAR, MATERIAL :NÃO TECIDO 100% POLIPROPILENO, MODELO:COM ELÁSTICO EM TODA VOLTA, COR :COM COR, GRAMATURA :CERCA DE 30 G/M2, TAMANHO :ÚNICO, TIPO USO :DESCARTÁVEL, CARACTERÍSTICA ADICIONAL 01:HIPOALERGÊNICA, ATÓXICA, INODORA, UNISSEX",9192999.15,31,1032670.2,9.5829,0.1,21.5,28,23,2020-01-01,2025-01-01
2310,BR0448754,"LIRAGLUTIDA, CONCENTRAÇÃO:6 MG/ML, FORMA FARMACEUTICA:SOLUÇÃO INJETÁVEL, CARACTERÍSTICAS ADICIONAIS 1:EM CANETA APLICADORA PREENCHIDA",9156917.14,71,46200.244,250.8308,1.93,756.51,33,45,2020-01-01,2024-01-01
585,BR0270613,"BENZILPENICILINA, APRESENTAÇÃO:BENZATINA, DOSAGEM:600.000UI, USO:INJETÁVEL",9095028.88,425,1057341.761,10.3863,0.1378,484.95,155,245,2020-01-01,2025-01-01
538,BR0268498,"METRONIDAZOL, DOSAGEM:5MG/ML, APRESENTAÇÃO:SOLUÇÃO INJETÁVEL",9091784.89,236,1345188.975,7.3325,1.36,319.85,135,148,2020-01-01,2025-01-01
25,BR0268125,"LEVOTIROXINA SÓDICA, DOSAGEM:100 MCG",9064480.65,472,74821368.57,0.1844,0,8,136,245,2020-01-01,2025-01-01
297,BR0270092,"GLICOSE, CONCENTRAÇÃO:5%, INDICAÇÃO:SOLUÇÃO INJETÁVEL, CARACTERÍSTICAS ADICIONAIS:SISTEMA FECHADO",9024985.38,690,2825623.816,8.5172,0.52,3000,189,221,2020-01-01,2025-01-01
75,BR0419016,"ONDANSETRONA CLORIDRATO, CONCENTRAÇÃO:4 MG, FORMA FARMACÊUTICA:COMPRIMIDO ORODISPERSÍVEL",8996622,101,4358201.92,12.6084,0.0237,1150,55,65,2020-01-01,2025-01-01
148,BR0267635,"CLORPROMAZINA, DOSAGEM:25 MG",8900597.88,585,41404042.704,1.1342,0,102.5,165,320,2020-01-01,2025-01-01
86,BR0292344,"SULFATO FERROSO, DOSAGEM FERRO:40MG DE FERRO II",8880525.51,608,172066062.203,0.5954,0,55.51,199,338,2020-01-01,2025-01-01
121,BR0273466,"LORATADINA, CONCENTRAÇÃO:10MG",8869261.93,567,80250083.758,0.5383,0,129,163,306,2020-01-01,2025-01-01
240,BR0273256,"OXCARBAZEPINA, DOSAGEM:600 MG",8812841.72,295,6071455.95,3.2755,0,163.55,151,137,2020-01-01,2025-01-01
863,BR0434874,"EMPAGLIFLOZINA, CONCENTRAÇÃO:25 MG",8803706.93,177,1380898.597,76.5095,0.2133,10652.89,74,85,2020-01-01,2025-01-01
1291,BR0448761,"PROPOFOL, CONCENTRAÇAO:10 MG/ML, FORMA FARMACEUTICA:EMULSÃO INJETÁVEL, CARACTERISTICA ADICIONAL:SERINGA PREENCHIDA",8770693.19,10,779096.2,49.8653,10,185.4933,9,10,2020-01-01,2024-01-01
3678,BR0352396,"BUDESONIDA, CONCENTRAÇÃO:400 MCG, FORMA FARMACÊUTICA:CÁPSULA PÓ INALANTE, CARACTERÍSTICA ADICIONAL:COM INALADOR",8763954.65,15,10541802.618,7.3762,0.56,47.05,10,11,2020-01-01,2024-01-01
2,BR0269843,"LIDOCAÍNA CLORIDRATO, DOSAGEM:2%, APRESENTAÇÃO:INJETÁVEL",8758207.03,704,1190433.087,8.4996,0.3,761,266,355,2020-01-01,2025-01-01
874,BR0359903,"ALFA-ALGLICOSIDASE, CONCENTRAÇÃO:50 MG, FORMA FARMACÊUTICA:PÓ LIÓFILO P/ INJETÁVEL",8686208.43,6,5451.93,1407.3967,1.65,1823.9,4,4,2021-01-01,2025-01-01
3666,BR0448766,"TENECTEPLASE, CONCENTRAÇÃO:40 MG, FORMA FARMACEUTICA:PÓ LIÓFILO P/ INJETÁVEL, CARACTERISTICA ADICIONAL:SERINGA PREENCHIDA",8665474.76,9,1580,5773.3522,4839.2,6528.13,8,5,2020-01-01,2024-01-01
101,BR0275963,"FINASTERIDA, CONCENTRAÇÃO:5 MG",8658271.81,407,27422939.578,1.2084,0.09,91.16,119,208,2020-01-01,2025-01-01
917,BR0272580,"DORZOLAMIDA CLORIDRATO, DOSAGEM:2%, TIPO MEDICAMENTO:SOLUÇÃO OFTÁLMICA",8652642.65,121,5681457.107,31.1667,0.99,1104,77,65,2020-01-01,2025-01-01
3201,BR0295856,"LEVONORGESTREL, CONCENTRAÇÃO:52 MG, CARACTERÍSTICAS ADICIONAIS:SISTEMA INTRA-UTERINO, COM INSERTOR",8639311.53,14,8981.016,888.2386,680.45,1134.36,9,9,2020-01-01,2024-01-01
334,BR0402259,"DABIGATRANA ETEXILATO, CONCENTRAÇÃO:150 MG",8632512.38,107,2434551.364,21.3328,2.58,302.35,44,59,2020-01-01,2025-01-01
3121,BR0470130,"BECLOMETASONA DIPROPIONATO, COMPOSIÇÃO:ASSOC. C/ BROMETO GLICOPIRRÔNIO E FORMOTEROL, CONCENTRAÇÃO:100 + 12,5 + 6 MCG/DOSE, FORMA FARMACEUTICA:AEROSSOL ORAL, CARACTERÍSTICA ADICIONAL:COM INALADOR",8514343.87,20,541484.006,210.0207,1.535,327.99,9,11,2020-01-01,2024-01-01
1542,BR0273135,"PROPATILNITRATO, DOSAGEM:10 MG",8495380.73,307,19271050.214,1.1351,0.155,40,89,161,2020-01-01,2024-01-01
2007,BR0292236,"MESALAZINA, CONCENTRAÇÃO:500 MG",8456541.19,13,4650397.115,4.1938,1.55,7.15,12,8,2020-01-01,2024-01-01
2087,BR0437083,"SECUQUINUMABE, CONCENTRAÇÃO:150 MG/ML, FORMA FARMACÊUTICA:SOLUÇÃO INJETÁVEL, ADICIONAL:COM CANETA APLICADORA",8447381.1,17,2900.306,2878.2535,2386,3360.09,11,8,2020-01-01,2024-01-01
2339,BR0342980,"OCTREOTIDA, COMPOSIÇÃO:SAL ACETATO, CONCENTRAÇÃO:20 MG, FORMA FARMACEUTICA:PÓ LIÓFILO P/ INJETÁVEL, CARACTERÍSTICA ADICIONAL:C/ SISTEMA DE APLICAÇÃO",8441260.57,9,1805,4509.5833,3746.62,5045.93,6,7,2020-01-01,2024-01-01
10,BR0383750,"LACTULOSE, CONCENTRAÇÃO:667 MG/ML, FORMA FARMACEUTICA:XAROPE",8365267.22,269,3632900.124,7.7747,0.05,39,124,162,2020-01-01,2025-01-01
528,BR0268534,"TRAMADOL CLORIDRATO, DOSAGEM:50 MG",8342728.34,384,36543482.859,0.9101,0,25.5,174,197,2020-01-01,2025-01-01
22,BR0315056,"ÁGUA DESTILADA, ASPECTO FÍSICO:BIDESTILADA, ESTÉRIL, APIROGÊNICA",8333188.13,447,20700573.753,1.4142,0.0016,24,175,221,2020-01-01,2025-01-01
3769,BR0368694,"ECULIZUMABE, CONCENTRAÇÃO:10 MG/ML, FORMA FARMACÊUTICA:SOLUÇÃO INJETÁVEL",8261227.96,3,498,15413.6367,13875.36,16979.17,1,1,2021-01-01,2024-01-01
206,BR0272380,"VENLAFAXINA, COMPOSIÇÃO:SAL CLORIDRATO, CONCENTRAÇÃO:150 MG, APRESENTAÇÃO:LIBERAÇÃO CONTROLADA",8240014.11,211,5396811.506,5.5417,0.69,185,98,98,2020-01-01,2025-01-01
858,BR0480015,"ROMOSOZUMABE, CONCENTRAÇÃO:90 MG/ML, FORMA FARMACÊUTICA:SOLUÇÃO INJETÁVEL, ADICIONAL:SERINGA PREENCHIDA",8184562.43,8,5954,1616.7094,823.38,3065.39,2,7,2022-01-01,2025-01-01
2297,BR0400775,"TRIPTORRELINA, COMPOSIÇÃO:SAL EMBONATO, CONCENTRAÇÃO:3,75 MG, FORMA FARMACEUTICA:PÓ LIÓFILO P/ INJETÁVEL",8059149.18,12,23440.945,417.19,242,592.15,7,10,2020-01-01,2024-01-01
705,BR0456376,"CEFTAZIDIMA, COMPOSIÇÃO:ASSOCIADO AO AVIBACTAM, CONCENTRAÇÃO:2000 MG + 500 MG, FORMA FARMACEUTICA:INJETÁVEL",8049442.63,12,12079.979,671.5575,517.32,818.09,9,6,2020-01-01,2025-01-01
3565,BR0449016,"ALFAEPOETINA, CONCENTRAÇÃO:40.000 UI/ML, FORMA FARMACEUTICA:SOLUÇÃO INJETÁVEL",7953396.24,5,11014.407,808.196,660,1157.98,5,3,2021-01-01,2024-01-01
848,BR0477410,"UPADACITINIBE, CONCENTRAÇÃO:15 MG, CARACTERÍSTICAS ADICIONAIS:LIBERAÇÃO PROLONGADA",7919314.74,10,42584.08,1224.549,142.03,6165.71,6,9,2022-01-01,2025-01-01
3087,BR0458278,"ACALABRUTINIBE, CONCENTRAÇÃO:100 MG",7915752.25,19,10802.76,4255.9757,221.31,36685.04,6,7,2021-01-01,2024-01-01
237,BR0268130,"LEVOMEPROMAZINA, DOSAGEM:40 MG/ML, APRESENTAÇÃO:SOLUÇÃO ORAL",7903222.63,398,1062566.653,11.5613,0.35,215,118,221,2020-01-01,2025-01-01
212,BR0272382,"VENLAFAXINA, COMPOSIÇÃO:SAL CLORIDRATO, CONCENTRAÇÃO:75 MG",7885988.69,244,13845048.26,3.6255,0.32,165,117,131,2020-01-01,2025-01-01
1640,BR0339846,"CEFEPIMA CLORIDRATO, CONCENTRAÇÃO:1 G, FORMA FARMACEUTICA:PÓ LIÓFILO P/ INJETÁVEL",7763992.04,114,673748.863,27.4405,0.14,1092,71,58,2020-01-01,2024-01-01
126,BR0267769,"PROMETAZINA CLORIDRATO, DOSAGEM:25 MG/ML, APRESENTAÇÃO:SOLUÇÃO INJETÁVEL",7744943.41,662,2505968.812,8.1562,0.03,2500,249,370,2020-01-01,2025-01-01
332,BR0370117,"DABIGATRANA ETEXILATO, CONCENTRAÇÃO:110 MG",7716371.35,103,2193389.499,3.6624,2.58,5.2,34,56,2020-01-01,2025-01-01
100,BR0386396,"AMOXICILINA, PRINCÍPIO ATIVO:ASSOCIADA COM CLAVULANATO DE POTÁSSIO, CONCENTRAÇÃO:80 MG + 11,5 MG/ML, FORMA FARMACÊUTICA:PÓ P/ SUSPENSÃO ORAL",7710055.88,54,440996.03,15.14,2.4,64.85,37,36,2020-01-01,2025-01-01
218,BR0267509,"ALOPURINOL, DOSAGEM:300 MG",7700784.91,378,27832955.786,0.3706,0.09,28.21,139,197,2020-01-01,2025-01-01
1055,BR0273266,"NALTREXONA CLORIDRATO, CONCENTRAÇÃO:50 MG",7687592.51,126,2093377.8,8.1917,1.06,143.505,67,61,2020-01-01,2025-01-01
3576,BR0438741,"RUXOLITINIBE, CONCENTRAÇÃO:15 MG",7535782.34,11,20557.2,348.9804,0,447,7,7,2020-01-01,2024-01-01
223,BR0270128,"LEVODOPA, COMPOSIÇÃO:ASSOCIADO À BENSERAZIDA, DOSAGEM:100MG + 25MG, APRESENTAÇÃO:COMPRIMIDOS DISPERSÍVEIS",7504173.9,99,5454357.18,1.5145,0.65,2.15,30,52,2020-01-01,2025-01-01
1941,BR0271157,"INSULINA, ORIGEM:HUMANA, TIPO:NPH, DOSAGEM:100U/ML, APLICAÇÃO:INJETÁVEL",7473415.43,124,318759.688,23.6913,0.002,83.7,76,74,2020-01-01,2024-01-01
490,BR0284106,"RISPERIDONA, DOSAGEM:1 MG/ML, USO:SOLUÇÃO ORAL, COM PIPETA DOSADORA",7466807.9,351,989794.078,17.8123,0.11,543,142,199,2020-01-01,2025-01-01
3265,BR0458500,"ALECTINIBE, CONCENTRAÇÃO:150 MG",7456002.13,19,55791.149,7413.5816,0,36059.47,6,10,2020-01-01,2024-01-01
1502,BR0396741,"DEXTRANA, COMPOSIÇÃO:DEXTRANA 70 ASSOCIADA À HIPROMELOSE, CONCENTRAÇÃO:0,1% + 0,3%, FORMA FARMACEUTICA:SOLUÇÃO OFTÁLMICA",7393867.2,113,536821.773,13.3888,7.55,32.34,44,59,2020-01-01,2024-01-01
3174,BR0342258,"IMIPENEM, COMPOSIÇÃO:ASSOCIADO À CILASTATINA SÓDICA, CONCENTRAÇÃO:500 MG, FORMA FARMACEUTICA:PÓ LIÓFILO P/ INJETÁVEL",7348779.52,41,384778.184,35.0645,16,400,33,25,2020-01-01,2024-01-01
595,BR0302442,"DULOXETINA, CONCENTRAÇÃO:30 MG, FORMA FARMACÊUTICA:MICROGRÂNULOS DE LIBERAÇÃO LENTA",7287705.57,274,5773457.201,4.9775,0.63,194.5367,133,133,2020-01-01,2025-01-01
1282,BR0272901,"CLOBAZAM, DOSAGEM:10 MG",7217244.59,147,16177452.091,0.9681,0.27,17.42,73,81,2020-01-01,2024-01-01
2976,BR0450107,"IMUNOGLOBULINA HUMANA, CONCENTRAÇÃO:50 MG/ML, FORMA FARMACEUTICA:SOLUÇÃO INJETÁVEL, CARACTERÍSTICAS ADICIONAIS:COM SISTEMA DE APLICAÇÃO",7187650.2,5,2158,2571.316,1689,3886.8,5,5,2020-01-01,2024-01-01
14,BR0342134,"HIDROCORTISONA, COMPOSIÇÃO:SAL SUCCINATO SÓDICO, CONCENTRAÇÃO:500 MG, FORMA FARMACÊUTICA:PÓ LIÓFILO P/ INJETÁVEL",7137772.57,347,1392014.814,8.8103,0.72,520,140,209,2020-01-01,2025-01-01
1932,BR0271101,"CALCITRIOL, CONCENTRAÇÃO:0,25 MCG",7082378.06,37,7013262.615,6.2357,0.86,170.1,28,18,2020-01-01,2024-01-01
1538,BR0276234,"INSULINA, ORIGEM:ASPART, DOSAGEM:100U/ML, APLICAÇÃO:INJETÁVEL",7079135,124,136715.632,84.8321,5.4933,2430,39,56,2020-01-01,2024-01-01
3345,BR0410628,"DIETA ENTERAL, INDICAÇÃO:FENILCETONÚRIA, ASPECTO FÍSICO:PÓ, USO:ENTERAL OU ORAL, FONTE DE PROTEÍNA:À BASE DE AA'S, FONTE DE CARBOIDRATO:MALTODEXTRINA, COMPONENTES ADICIONAIS:AA'S,VIT.,MINERAIS, CARACTERÍSTICAS ADICIONAIS:ISENTO FENILALANINA, FAIXA:ACIMA 8 ANOS",7077431.3,12,11716696,83.4317,0.22,276.98,8,6,2020-01-01,2024-01-01
2504,BR0436546,"OBINUTUZUMABE, CONCENTRAÇÃO:25 MG/ML, FORMA FARMACÊUTICA:SOLUÇÃO INJETÁVEL",7034542.59,4,381,19930.925,17763.26,22361.57,1,4,2021-01-01,2024-01-01
139,BR0267777,"PARACETAMOL, DOSAGEM SOLUÇÃO ORAL:200 MG/ML, APRESENTAÇÃO:SOLUÇÃO ORAL",6994043.4,604,22447276.428,2.0852,0.014,252.24,212,336,2020-01-01,2025-01-01
2843,BR0270007,"NIMODIPINO, DOSAGEM:30 MG",6967382.15,139,31398027.529,0.8642,0.0353,14.83,72,91,2020-01-01,2024-01-01
3239,BR0308719,"ACITRETINA, DOSAGEM:10 MG",6965023.09,12,3442608.18,2.4025,1.53,3.69,7,8,2020-01-01,2024-01-01
3160,BR0448565,"FLUTICASONA, COMPOSIÇÃO:FUORATO, ASSOCIADO AO VILANTEROL, CONCENTRAÇÃO:200 MCG/DOSE + 25 MCG/DOSE, FORMA FARMACÊUTICA:PÓ PARA INALAÇÃO",6955176.72,21,80310,172.3103,4.366,246.1205,12,7,2020-01-01,2024-01-01
500,BR0328532,"VALPROATO DE SÓDIO, CONCENTRAÇÃO:50 MG/ML, FORMA FARMACÊUTICA:XAROPE",6952820.68,403,8406020.13,5.5776,0.032,341.27,130,232,2020-01-01,2025-01-01
642,BR0295302,"TRASTUZUMABE, CONCENTRAÇÃO:440 MG, FORMA FARMACÊUTICA:PÓ LIOFILO INJETÁVEL",6907445.2,9,2246.344,3054.3,1669,5088.6,7,6,2020-01-01,2025-01-01
2077,BR0434872,"TOFACITINIBE, COMPOSIÇÃO :SAL CITRATO, CONCENTRAÇÃO:5 MG",6899817.85,20,113555.304,64.7705,46.61,78.55,14,11,2020-01-01,2024-01-01
3709,BR0271104,"CICLOSPORINA, CONCENTRAÇÃO:25 MG",6885164.12,25,7079841.017,1.1329,0.75,2.32,14,10,2020-01-01,2024-01-01
4747,BR0413398,"ALVEOLÓTOMO, MATERIAL:AÇO INOXIDÁVEL, TIPO PONTA:LUER RETO, CARACTERÍSTICAS ADICIONAIS:ARTICULADO, ESTERILIDADE:AUTOCLAVÁVEL",6875069.57,11,1483,593.0127,1.57,5480,10,9,2020-01-01,2023-01-01
4264,BR0432915,"LEUPRORRELINA ACETATO, CONCENTRAÇAO:45 MG, FORMA FARMACEUTICA:PÓ LIÓFILO P/INJETÁVEL, CARACTERÍSTICA ADICIONAL:C/ SISTEMA DE APLICAÇÃO",6874518.03,6,568604.19,1087.159,1.39,1400,5,5,2021-01-01,2023-01-01
909,BR0394103,"RIVAROXABANA, CONCENTRAÇÃO:10 MG",6863465.41,202,2969580.085,10.7988,0.18,260.1,102,101,2020-01-01,2025-01-01
675,BR0273255,"OXCARBAZEPINA, DOSAGEM:60 MG/ML, APRESENTAÇÃO:SUSPENSÃO ORAL",6846598.56,248,1238165.333,35.2768,0,101.18,106,126,2020-01-01,2025-01-01
581,BR0268228,"CEFALOTINA SÓDICA, DOSAGEM:1 G, USO:INJETÁVEL",6812386.14,211,1489117.151,8.6977,0.17,258.71,114,130,2020-01-01,2025-01-01
169,BR0267582,"BECLOMETASONA DIPROPIONATO, APRESENTAÇÃO:SPRAY NASAL, DOSAGEM:50MCG/DOSE, CARACTERÍSTICAS ADICIONAIS:FRASCO DOSEADOR COM AEROGADOR NASAL",6790033.49,120,6046538.787,23.2798,0.08,65,41,75,2020-01-01,2025-01-01
1083,BR0269893,"LUVA PARA PROCEDIMENTO NÃO CIRÚRGICO, MATERIAL:LÁTEX NATURAL ÍNTEGRO E UNIFORME, TAMANHO:MÉDIO, CARACTERÍSTICAS ADICIONAIS:LUBRIFICADA COM PÓ BIOABSORVÍVEL, DESCARTÁVEL, APRESENTAÇÃO:ATÓXICA, TIPO:AMBIDESTRA, TIPO USO:DESCARTÁVEL, MODELO:FORMATO ANATÔMICO, FINALIDADE:RESISTENTE À TRAÇÃO",6789823.38,133,289269.316,30.3637,0.14,120,86,83,2020-01-01,2025-01-01
