catmat_id,codigo_catmat,descricao_catmat,estoque_total,instituicoes_com_registro,instituicoes_estoque_zerado,posicoes_vencendo_90d
11155,BR0267502U0042,ÁCIDO ACETILSALICÍLICO  100 MG COMPRIMIDO,29975498817,12880,1317,719
11189,BR0267778U0042,PARACETAMOL  500 MG COMPRIMIDO,1225629874,12380,1533,1324
11150,BR0267203U0042,DIPIRONA SÓDICA  500 MG COMPRIMIDO,3922105431,12300,1663,787
11267,BR0267663U0042,FUROSEMIDA 40 MG COMPRIMIDO,2096504077,12083,1644,798
11181,BR0267712U0041,OMEPRAZOL 20 MG CÁPSULA  ELENCO ESTADUAL,23686420729,12027,2055,1160
11245,BR0292344U0042,SULFATO FERROSO (40MG DE FERRO ELEMENTAR) COMPRIMIDO ELENCO ESTADUAL,1175112727,11727,1628,743
11176,BR0267674U0042,HIDROCLOROTIAZIDA  25MG COMPRIMIDO,18522267981,11658,1733,516
11168,BR0267643U0015,"DEXAMETASONA  0,1 % CREME  10 G",24831278,11391,1726,1059
11148,BR0267140U0042,AZITROMICINA 500 MG COMPRIMIDO ELENCO ESTADUAL,42818896441,11254,1280,937
11221,BR0272434U0042,"ANLODIPINO, BESILATO 5 MG COMPRIMIDO",1318701972,11204,1859,423
11163,BR0267613U0042,CAPTOPRIL  25 MG COMPRIMIDO,3250381240,11186,1319,595
11201,BR0268856U0042,LOSARTANA POTÁSSICA 50 MG COMPRIMIDO,621181572176,11122,1892,859
11319,BR0267743U0042,PREDNISONA  20 MG COMPRIMIDO ELENCO ESTADUAL,505269049,11094,1840,656
11186,BR0267747U0042,SINVASTATINA  20 MG COMPRIMIDO,2257388118,11091,1880,935
11160,BR0267517U0042,ATENOLOL 50 MG COMPRIMIDO,783050545,11077,1436,808
11174,BR0267662U0041,FLUCONAZOL 150 MG CÁPSULA,104813830,11074,1488,567
11187,BR0267772U0042,"PROPRANOLOL, CLORIDRATO 40 MG COMPRIMIDO",588269754,11012,1557,294
11157,BR0267506U0042,ALBENDAZOL 400 MG COMPRIMIDO MASTIGÁVEL,3139116554,10895,1682,853
11179,BR0267689U0042,METILDOPA  250 MG COMPRIMIDO,170807581,10872,1866,1281
11167,BR0267632U0042,"CIPROFLOXACINO, CLORIDRATO 500 MG  COMPRIMIDO ELENCO ESTADUAL",328841662,10707,1192,575
11158,BR0267507U0063,ALBENDAZOL 40 MG/ML SUSPENSÃO ORAL  10 ML,49959468,10585,1442,735
11175,BR0267671U0042,GLIBENCLAMIDA 5 MG COMPRIMIDO,4692115893,10582,1419,389
11411,BR0273466U0042,LORATADINA 10 MG COMPRIMIDO,584213418,10503,1327,738
11781,BR0267717U0042,METRONIDAZOL 250 MG COMPRIMIDO,358632604,10484,1438,642
11199,BR0268390U0052,"SAIS PARA REIDRATAÇÃO ORAL (NACL 3,5G + GLICOSE 20G + CITRATO NA 2,9G + KCL 1,5G)                                 27,9 G PÓ PARA SOLUÇÃO",46001714,10427,2087,1087
11151,BR0267205U0063,DIPIRONA SÓDICA  500 MG/ML SOLUÇÃO ORAL 10 ML,184927075,10409,1709,1035
11252,BR0308882U0042,SULFAMETOXAZOL + TRIMETOPRIMA  400 + 80 MG COMPRIMIDO ELENCO ESTADUAL,126543849,10358,1466,980
11188,BR0267777U0075,PARACETAMOL  200 MG/ML SOLUÇÃO ORAL 15 ML,34993965,10329,1708,477
11177,BR0267676U0042,IBUPROFENO  600 MG COMPRIMIDO,1535225790,10298,1744,346
11156,BR0267503U0042,ÁCIDO FÓLICO 5 MG COMPRIMIDO ELENCO ESTADUAL,602584489,10074,1413,727
11212,BR0271089U0041,AMOXICILINA 500 MG CÁPSULA,1305810008,10034,1682,510
11180,BR0267691U0042,"METFORMINA, CLORIDRATO 850 MG COMPRIMIDO",8936691874,9909,1691,776
11312,BR0267653U0042,ESPIRONOLACTONA  25 MG COMPRIMIDO,1433324641,9846,2000,404
11318,BR0267741U0042,PREDNISONA  5 MG COMPRIMIDO ELENCO ESTADUAL,11821970735,9795,1884,589
11222,BR0272789U0042,"LEVONORGESTREL + ETINILESTRADIOL  0,15 + 0,03 MG COMPRIMIDO",315642320,9791,1287,105
11172,BR0267652U0042,"ENALAPRIL, MALEATO 20 MG COMPRIMIDO",1070059312,9711,1377,738
11670,BR0270846U0005,"NORETISTERONA, ENANTATO DE  + ESTRADIOL, VALERATO DE   50 + 5 MG/ML SOLUÇÃO INJETÁVEL 1 ML",362703912,9664,1125,1400
11226,BR0273467U0062,LORATADINA 1 MG/ML XAROPE  100 ML,21976463,9647,1393,896
11382,BR0270612U0118,BENZILPENICILINA BENZATINA 1.200.000 UI PÓ PARA SUSPENSÃO INJETÁVEL,41942842,9111,1515,865
11254,BR0314517U0108,AZITROMICINA 40 MG/ML 600 MG PÓ PARA SUSPENSÃO 15 ML ELENCO ESTADUAL,10223108,8824,1440,710
11658,BR0267733U0042,"NORETISTERONA 0,35 MG COMPRIMIDO",96455108,8795,1218,1475
11268,BR0267768U0042,"PROMETAZINA, CLORIDRATO 25 MG COMPRIMIDO",811332183,8769,1394,781
20443,BR0332754U0097,,34112247,8728,1163,4
11196,BR0268252U0009,DIPIRONA SÓDICA  500 MG/ML SOLUÇÃO INJETÁVEL 2 ML,61119436,8621,1558,598
11504,BR0292345U0097,SULFATO FERROSO (25MG/ML DE FERRO ELEMENTAR) 125 MG/ML SOLUÇÃO ORAL 30 ML ELENCO ESTADUAL,12699838,8365,1639,369
11311,BR0267647U0042,"DIGOXINA  0,25 MG COMPRIMIDO",68490590,8340,1423,498
11191,BR0268162U0031,"MICONAZOL, NITRATO 2 % CREME VAGINAL  80 G",113428689,8233,1619,365
11511,BR0294887U0084,"SALBUTAMOL, SULFATO 100 MCG/DOSE AEROSSOL 200 DOSES ELENCO ESTADUAL",11515887,8181,1483,827
11166,BR0267625U0042,CEFALEXINA 500 MG  COMPRIMIDO,3597201491,8099,2102,615
11253,BR0308884U0062,SULFAMETOXAZOL + TRIMETOPRIMA  40 + 8 MG/ML SUSPENSÃO ORAL  100 ML ELENCO ESTADUAL,4898159,8021,1660,147
11338,BR0268370U0042,ACICLOVIR 200 MG COMPRIMIDO ELENCO ESTADUAL,68624441,7921,1389,229
11171,BR0267651U0042,"ENALAPRIL, MALEATO 10 MG COMPRIMIDO ELENCO ESTADUAL",1026740598,7852,1309,554
11161,BR0267565U0042,"CARVEDILOL 6,25 MG  COMPRIMIDO",159071200,7779,1225,564
11802,BR0331555U0110,CEFALEXINA 50 MG/ML SUSPENSÃO ORAL  60 ML,4984764,7775,1786,719
11366,BR0269846U0023,"LIDOCAÍNA, CLORIDRATO 20 MG/G GEL 30 G",6866360,7761,1421,399
11317,BR0267690U0042,"METFORMINA, CLORIDRATO 500 MG COMPRIMIDO",1930982991,7507,1496,523
11256,BR0339565U0140,TIRA REAGENTE PARA MEDIR GLICEMIA CAPILAR,2431551882,7446,1538,580
11298,BR0267312U0042,"METOCLOPRAMIDA, CLORIDRATO 10 MG COMPRIMIDO",69806899,7379,1288,520
11337,BR0268331U0086,"IPRATRÓPIO, BROMETO  0,25 MG/ML SOLUÇÃO PARA INALAÇÃO 20 ML ELENCO ESTADUAL",4416936,7282,1571,98
11271,BR0332754U0097INAT,IBUPROFENO  50 MG/ML SUSPENSÃO ORAL  30 ML,12730374,7220,4258,3
11169,BR0267646U0062,"DEXCLORFENIRAMINA, MALEATO 0,4 MG/ML SOLUÇÃO ORAL 100 ML",21677970,7197,1642,187
11204,BR0269462U0042,ALENDRONATO DE SÓDIO  70 MG COMPRIMIDO,46378936,7184,1437,529
11299,BR0267378U0105,NISTATINA 100.000 UI/ML SUSPENSÃO ORAL  50  ML,1536849,7170,1927,786
11328,BR0268124U0042,LEVOTIROXINA SÓDICA 25 MCG COMPRIMIDO ELENCO ESTADUAL,273027417,7166,1194,818
11320,BR0267769U0009,"PROMETAZINA, CLORIDRATO 25 MG/ML SOLUÇÃO INJETÁVEL 2 ML",4688455,7166,1323,560
11165,BR0267625U0041,CEFALEXINA 500 MG  CÁPSULA,204989880,7142,2483,506
11173,BR0267660U0042,FENOBARBITAL  100 MG COMPRIMIDO ELENCO ESTADUAL,619021779,7057,1018,1087
11159,BR0267512U0042,"AMITRIPTILINA, CLORIDRATO 25 MG COMPRIMIDO ELENCO ESTADUAL",4062704892,7045,1065,463
11302,BR0267510U0042,"AMIODARONA, CLORIDRATO 200 MG COMPRIMIDO",84133049,7023,1078,464
11315,BR0267666U0009,FUROSEMIDA 10 MG/ML SOLUÇÃO INJETÁVEL 2 ML,6834788,7016,1127,229
11164,BR0267618U0042,CARBAMAZEPINA  200 MG COMPRIMIDO ELENCO ESTADUAL,2892566329,6974,993,275
11316,BR0267669U0042,HALOPERIDOL 5 MG COMPRIMIDO,445074060,6895,877,1451
11360,BR0268956U0042,"LEVONORGESTREL 0,75 MG COMPRIMIDO",5278767,6887,1829,8
11876,BR0268125U0042,LEVOTIROXINA SÓDICA 100 MCG COMPRIMIDO ELENCO ESTADUAL,169950699,6868,1005,832
11838,BR0271157U0063,INSULINA HUMANA NPH 100 UI/ML SUSPENSÃO INJETÁVEL 10 ML ELENCO ESTADUAL,5554035,6863,1366,471
843,BR0345300,"METRONIDAZOL, CONCENTRAÇAO:100 MG/G, FORMA FARMACEUTICA:CREME VAGINAL, CARACTERÍSTICA ADICIONAL:COM APLICADOR",9049064,6852,2072,476
11703,BR0292228U0005,"MEDROXIPROGESTERONA, ACETATO 150 MG/ML SOLUÇÃO INJETÁVEL 1 ML",13290180,6818,1368,38
12005,BR0271154U0063,INSULINA HUMANA REGULAR 100 UI/ML SOLUÇÃO INJETÁVEL 10 ML ELENCO ESTADUAL,2779957,6805,1498,718
11314,BR0267657U0042,FENITOÍNA SÓDICA  100 MG COMPRIMIDO ELENCO ESTADUAL,165100457,6667,1022,847
11145,BR0233632U0062,ÓLEO MINERAL (PETROLATO) SOLUÇÃO ORAL 100 ML,2837486,6589,1150,313
11309,BR0267638U0042,"CLORPROMAZINA, CLORIDRATO 100 MG  COMPRIMIDO ELENCO ESTADUAL",241912028,6573,963,524
11209,BR0270120U0086,"CLONAZEPAM 2,5 MG/ML SOLUÇÃO ORAL 20 ML",30442717,6476,963,509
11153,BR0267311U0063,"METOCLOPRAMIDA, CLORIDRATO 4 MG/ML SOLUÇÃO ORAL 10 ML",182994816,6470,1456,438
11304,BR0267564U0042,"CARVEDILOL 12,5 MG COMPRIMIDO",159090348,6461,950,183
11376,BR0270140U0042,"BIPERIDENO, CLORIDRATO  2 MG COMPRIMIDO ELENCO ESTADUAL",519859523,6450,856,235
11202,BR0268896U0042,"ANLODIPINO, BESILATO 10 MG COMPRIMIDO",387935164,6423,1075,616
11214,BR0271217U0042,AMOXICILINA + CLAVULANATO DE POTÁSSIO 500 MG + 125 MG COMPRIMIDO ELENCO ESTADUAL,95830653,6380,1354,402
11672,BR0271111U0074,AMOXICILINA 50 MG/ML PÓ PARA SUSPENSÃO 150 ML,7671185,6372,1291,480
11307,BR0267621U0042,CARBONATO DE LÍTIO 300 MG COMPRIMIDO ELENCO ESTADUAL,351183846,6289,962,620
11149,BR0267197U0042,DIAZEPAM 10 MG COMPRIMIDO ELENCO ESTADUAL,1417069617,6277,903,519
19526,BR0273328U0042,,81017963,6270,708,4
11247,BR0294643U0097,IBUPROFENO  50 MG/ML SUSPENSÃO ORAL  30 ML,24418417,6182,930,260
11310,BR0267645U0042,"DEXCLORFENIRAMINA, MALEATO 2 MG COMPRIMIDO",159147818,6124,1063,430
11162,BR0267567U0042,CARVEDILOL 25 MG  COMPRIMIDO,109683977,6121,949,617
11193,BR0268236U0039,"CLORETO DE SÓDIO 0,9 % SOLUÇÃO INJETÁVEL 500 ML SISTEMA FECHADO",21532477,6006,1316,264
11229,BR0276839U0063,ÁGUA DESTILADA SOLUÇÃO INJETÁVEL 10 ML ELENCO ESTADUAL,61743121,5999,1073,515
11185,BR0267745U0042,SINVASTATINA  40 MG COMPRIMIDO,473927198,5987,1393,241
11810,BR0363597U0110,PERMETRINA 50 MG/ML LOÇÃO 60 ML,5902494,5970,1237,309
11553,BR0342134U0118,"HIDROCORTISONA, SUCCINATO SÓDICO 500MG PÓ PARA SOLUÇÃO INJETÁVEL",10802598,5926,1122,124
11334,BR0268255U0005,EPINEFRINA 1 MG/ML SOLUÇÃO INJETÁVEL 1 ML,2665882,5904,1051,399
20442,BR0268150U0110,,10307066,5878,1221,5
11223,BR0273009U0041,"FLUOXETINA, CLORIDRATO 20 MG CÁPSULA  ELENCO ESTADUAL",2690342244,5878,1242,444
11213,BR0271111U0110,AMOXICILINA 50 MG/ML PÓ PARA SUSPENSÃO 60 ML,129646990,5858,1223,334
11303,BR0267541U0004,GLICOSE 50 % SOLUÇÃO INJETÁVEL 10 ML,10655419,5824,975,245
11308,BR0267635U0042,"CLORPROMAZINA, CLORIDRATO 25 MG  COMPRIMIDO",178070001,5783,824,344
11711,BR0308732U0062,ÁCIDO VALPRÓICO (VALPROATO DE SÓDIO)  50 MG/ML XAROPE  100 ML ELENCO ESTADUAL,12767904,5775,969,484
11650,BR0267195U0042,DIAZEPAM 5 MG COMPRIMIDO,3653231729,5762,905,1196
11501,BR0292194U0005,"HALOPERIDOL,  SAL DECANOATO ,50MG/ML SOLUÇÃO INJETÁVEL 1 ML ELENCO ESTADUAL",6467364,5760,976,626
11707,BR0300723U0086,FENOBARBITAL  40 MG/ML SOLUÇÃO ORAL 20 ML ELENCO ESTADUAL,4067814,5747,950,524
11266,BR0267310U0009,"METOCLOPRAMIDA, CLORIDRATO 5 MG/ML SOLUÇÃO INJETÁVEL 2 ML",12000827,5691,1060,211
11661,BR0268123U0042,LEVOTIROXINA SÓDICA 50 MCG COMPRIMIDO ELENCO ESTADUAL,295130088,5565,970,643
11300,BR0267505U0042,ÁCIDO VALPRÓICO (VALPROATO DE SÓDIO)  500 MG COMPRIMIDO ELENCO ESTADUAL,266663912,5547,1096,852
11377,BR0270220U0118,"HIDROCORTISONA, SUCCINATO SÓDICO 100MG PÓ PARA SOLUÇÃO INJETÁVEL",3565866,5367,1029,172
11503,BR0292196U0005,HALOPERIDOL 5 MG/ML SOLUÇÃO INJETÁVEL 1 ML,1998465,5353,1003,249
11675,BR0272454U0062,CARBAMAZEPINA  20 MG/ML SUSPENSÃO ORAL  100 ML ELENCO ESTADUAL,4192159,5317,1042,108
11782,BR0267773U0110,PERMETRINA 10 MG/ML LOÇÃO 60 ML,2697339,5315,1091,409
11224,BR0273167-1,NEOMICINA + BACITRACINA 5 + 250 MG + UI/G POMADA 10 G,20472114,5236,1258,303
11178,BR0267677U0042,IBUPROFENO  300 MG COMPRIMIDO,347206769,5177,1069,349
11776,BR0398702U0005,"MEDROXIPROGESTERONA, ACETATO 150 MG/ML SUSPENSÃO INJETÁVEL 1 ML",4981022,5166,1365,31
11305,BR0267566U0042,"CARVEDILOL 3,125 MG  COMPRIMIDO",127136536,5152,955,252
11457,BR0279269U0042,VARFARINA SÓDICA  5 MG COMPRIMIDO,17152076,5122,854,480
11863,BR0267650U0042,"ENALAPRIL, MALEATO 5 MG COMPRIMIDO",150689296,5061,1030,885
12011,BR0272089U0023,SULFADIAZINA DE PRATA 1% CREME  30 G,4764425,5032,1407,627
11509,BR0292427U0006,"DEXAMETASONA, FOSFATO DISSÓDICO 4 MG/ML SOLUÇÃO INJETÁVEL AMPOLA 2,5  ML",768000165,4978,862,320
11649,BR0267194U0009,DIAZEPAM 5 MG/ML SOLUÇÃO INJETÁVEL 2 ML,2629171,4973,1068,261
11198,BR0268375U0015,ACICLOVIR 5 % CREME  10 G,3543726,4926,796,476
11321,BR0267777U0063,PARACETAMOL  200 MG/ML SOLUÇÃO ORAL 10 ML,10456278,4846,1550,551
11785,BR0268286U0020,"MICONAZOL, NITRATO 2 % CREME  28 G",2839869,4840,1319,451
11388,BR0271157U0137,INSULINA HUMANA NPH 100 UI/ML SUSPENSÃO INJETÁVEL 3 ML,60887840,4781,943,157
20876,BR0273116U0042,,357508567,4768,920,67
149,BR0273710,"NIMESULIDA, DOSAGEM:100 MG",744237642,4751,890,213
11330,BR0268150U0110INAT,PREDNISOLONA 3 MG/ML SOLUÇÃO ORAL 60 ML,3590117,4703,3230,6
11811,BR0372335U0029,METRONIDAZOL 100 MG/G BISNAGA 50 G,1930179,4667,1407,187
12021,BR0271154U0137,INSULINA HUMANA REGULAR 100 UI/ML SOLUÇÃO INJETÁVEL 3 ML,16945534,4547,935,609
11203,BR0269388U0042,DEXAMETASONA  4 MG COMPRIMIDO,51596323,4544,946,111
11152,BR0267205U0086,DIPIRONA SÓDICA  500 MG/ML SOLUÇÃO ORAL 20 ML,15652878,4520,1143,313
103,BR0270119,"CLONAZEPAM, DOSAGEM:2 MG",1395559750,4482,849,427
12623,BR0448595U0110,PREDNISOLONA 3 MG/ML SOLUÇÃO ORAL 60 ML,1184381756,4450,930,665
11655,BR0267522U0042,"CLOMIPRAMINA, CLORIDRATO 25 MG  COMPRIMIDO",46892619,4366,754,178
11502,BR0292195U0086,HALOPERIDOL 2 MG/ML SOLUÇÃO ORAL 20 ML,109084338,4356,801,89
18095,BRBBR0267502U0042,ÁCIDO ACETILSALICÍLICO  100 MG COMPRIMIDO,62346819,4345,99,43
11225,BR0273328U0042INAT,IVERMECTINA 6 MG COMPRIMIDO,30663779,4333,2351,4
11192,BR0268236U0037,"CLORETO DE SÓDIO 0,9% SOLUÇÃO INJETÁVEL 250 ML SISTEMA FECHADO",124504261,4311,1164,152
11217,BR0271660-1,"AMBROXOL, CLORIDRATO 3 MG/ML XAROPE  100 ML",12490516,4309,1062,358
18147,BRBBR0267203U0042,DIPIRONA SÓDICA  500 MG COMPRIMIDO,53929133,4298,123,315
11197,BR0268273U0041,NITROFURANTOÍNA 100 MG CÁPSULA,42436136,4266,930,333
18262,BRBBR0267778U0042,PARACETAMOL  500 MG COMPRIMIDO,147071486,4248,85,33
20764,BR0266863U0062,,1849308,4224,861,8
18102,BRBBR0267613U0042,CAPTOPRIL  25 MG COMPRIMIDO,38862841,4224,96,37
11352,BR0268493U0042,"DOXAZOSINA, MESILATO 2 MG COMPRIMIDO",145850247,4179,758,394
11409,BR0273395U0042,"ISOSSORBIDA, DINITRATO 5 MG COMPRIMIDO SUBLINGUAL",262760827,4174,944,156
11872,BR0278489U0097,"ÁCIDO FÓLICO 0,2 MG/ML SOLUÇÃO ORAL 30 ML",2453944,4169,848,384
11183,BR0267728U0042,NIFEDIPINO 10 MG COMPRIMIDO,75278741,4165,915,108
12018,BR0267670U0042,HALOPERIDOL 1 MG COMPRIMIDO,48101181,4158,596,518
11389,BR0271606U0041,"NORTRIPTILINA, CLORIDRATO 25 MG CÁPSULA",71757681,4133,671,146
18106,BRBBR0267643U0015,"DEXAMETASONA  0,1 % CREME  10 G",1293041,4132,105,302
12020,BR0270895U0042,CARBONATO DE CÁLCIO (CÁLCIO ELEMENTAR) 500 MG COMPRIMIDO ELENCO ESTADUAL,101839353,4075,1200,217
11755,BR0442754U0042,GLICLAZIDA 30 MG COMPRIMIDO DE LIBERAÇÃO PROLONGADA,435820032,4062,997,318
18349,BRBBR0267777U0075,PARACETAMOL  200 MG/ML SOLUÇÃO ORAL 15 ML,1453653,4056,90,232
11296,BR0267107U0013,FENITOÍNA SÓDICA  50 MG/ML SOLUÇÃO INJETÁVEL 5 ML,1238137,4010,754,142
11146,BR0266788-2,NISTATINA 25.000 UI/G CREME VAGINAL  60 G,41432986,3986,1284,255
11791,BR0272914U0140,PRESERVATIVO MASCULINO LÁTEX LUBRIFICADO 52MM,1854359056,3949,887,62
20883,BR0281135U0113,,2129697,3934,826,2
65,BR0267282,"ESCOPOLAMINA BUTILBROMETO, DOSAGEM:20 MG/ML, INDICAÇÃO:SOLUÇÃO INJETÁVEL",6966763,3927,914,149
11216,BR0271659-1,"AMBROXOL, CLORIDRATO 6 MG/ML XAROPE  100 ML",8824371,3923,1126,257
18116,BRBBR0267712U0041,OMEPRAZOL 20 MG CÁPSULA  ELENCO ESTADUAL,304275147,3915,115,261
11194,BR0268243U0062,"DEXAMETASONA  0,1 MG/ML ELIXIR 100 ML",4270163,3914,914,149
18110,BRBBR0267663U0042,FUROSEMIDA 40 MG COMPRIMIDO,57113295,3911,151,38
11652,BR0267508U0042,ALOPURINOL 100 MG COMPRIMIDO,50110985,3907,833,262
18218,BRBBR0268390U0052,"SAIS PARA REIDRATAÇÃO ORAL (NACL 3,5G + GLICOSE 20G + CITRATO NA 2,9G + KCL 1,5G)                                 27,9 G PÓ PARA SOLUÇÃO",133103654,3906,129,73
11359,BR0268861U0041,ITRACONAZOL 100 MG CÁPSULA,250813736,3903,889,287
11771,BR0273116U0042INAT,GLICLAZIDA 30 MG COMPRIMIDO DE LIBERAÇÃO PROLONGADA,60127273,3896,2702,11
11331,BR0268214U0005,"ATROPINA, SULFATO 0,25 MG/ML SOLUÇÃO INJETÁVEL 1 ML",1244612,3886,776,121
11207,BR0269941U0060,ÁLCOOL ETÍLICO 70% SOLUÇÃO 1 L,9609862,3886,944,159
11332,BR0268236U0034,"CLORETO DE SÓDIO 0,9% SOLUÇÃO INJETÁVEL 100 ML SISTEMA FECHADO",16346749,3870,1128,213
88,BR0270621,"ESCOPOLAMINA BUTILBROMETO, APRESENTAÇÃO:ASSOCIADA COM DIPIRONA SÓDICA, DOSAGEM:4MG + 500MG/ML, INDICAÇÃO:SOLUÇÃO INJETÁVEL",26887515,3856,901,244
11384,BR0270613U0118,BENZILPENICILINA BENZATINA 600.000 UI PÓ PARA SUSPENSÃO INJETÁVEL,1187802,3848,1029,18
11777,BR0437160U0097,"CLORETO DE SÓDIO 0,9 % SOLUÇÃO NASAL 30 ML",10002293,3846,1065,230
12090,BR0417713U0042,GLICLAZIDA 60 MG COMPRIMIDO DE LIBERAÇÃO PROLONGADA,159579237,3827,1175,206
18134,BRBBR0273466U0042,LORATADINA 10 MG COMPRIMIDO,13994087,3821,108,35
837,BR0267516,"ATENOLOL, DOSAGEM:25 MG",292567249,3813,864,220
11248,BR0298454U0062,"DEXCLORFENIRAMINA, MALEATO 0,4 MG/ML XAROPE  100 ML",837666918,3812,1632,90
11205,BR0269843U0086,"LIDOCAÍNA, CLORIDRATO 20 MG/ML SOLUÇÃO INJETÁVEL 20 ML",1320258,3773,922,98
11251,BR0308736-2,CETOCONAZOL 2% CREME  30 G,3616843,3748,1058,261
11397,BR0272341U0042,"TIAMINA, CLORIDRATO 300 MG COMPRIMIDO",43713830,3742,733,286
11228,BR0276657U0042,"METOPROLOL, SUCCINATO 50 MG COMPRIMIDO DE LIBERAÇÃO PROLONGADA",152503329,3715,830,192
12300,BR0271089U0042,AMOXICILINA 500 MG COMPRIMIDO,97902174,3711,1493,140
18096,BRBBR0267503U0042,ÁCIDO FÓLICO 5 MG COMPRIMIDO ELENCO ESTADUAL,13162179,3686,125,14
18131,BRBBR0272434U0042,"ANLODIPINO, BESILATO 5 MG COMPRIMIDO",74499076,3641,182,11
583,BR0272045,"CLOPIDOGREL, DOSAGEM:75 MG",66775438,3637,853,244
18152,BRBBR0267517U0042,ATENOLOL 50 MG COMPRIMIDO,34760430,3632,105,136
11410,BR0273400U0042,"ISOSSORBIDA, MONONITRATO 20 MG COMPRIMIDO",600647278,3624,672,293
11147,BR0266863U0062INAT,METRONIDAZOL (BENZOILMETRONIDAZOL) 40 MG/ML SUSPENSÃO ORAL  100 ML,1117967,3607,1882,8
11259,BR0376767U0042,IVERMECTINA 6 MG COMPRIMIDO,41784370,3606,474,642
573,BR0271687,"ÁCIDO ASCÓRBICO, DOSAGEM:100 MG/ML, TIPO USO:INJETÁVEL",13907644,3598,920,253
183,BR0271003,"DICLOFENACO, APRESENTAÇÃO:SAL SÓDICO, DOSAGEM:25MG/ML, USO:SOLUÇÃO INJETÁVEL",9867966,3593,1077,225
18097,BRBBR0267506U0042,ALBENDAZOL 400 MG COMPRIMIDO MASTIGÁVEL,2239660,3591,73,94
12004,BR0331555U0062,CEFALEXINA 50 MG/ML SUSPENSÃO ORAL  100 ML,4262041,3591,1254,187
12014,BR0296876U0042,CARBONATO DE CÁLCIO + COLECALCIFEROL  500 MG + 400 UI COMPRIMIDO,94275698,3589,1143,182
18136,BRBBR0292344U0042,SULFATO FERROSO (40MG DE FERRO ELEMENTAR) COMPRIMIDO ELENCO ESTADUAL,123304817,3573,103,1092
18158,BRBBR0267662U0041,FLUCONAZOL 150 MG CÁPSULA,61951611,3567,98,34
11391,BR0271710U0010,"AMIODARONA, CLORIDRATO 50 MG/ML SOLUÇÃO INJETÁVEL 3 ML",1094965,3550,640,391
18094,BRBBR0267312U0042,"METOCLOPRAMIDA, CLORIDRATO 10 MG COMPRIMIDO",13050830,3547,114,27
633,BR0267151,"CETOCONAZOL, DOSAGEM:200 MG",14577495,3522,904,333
18115,BRBBR0267689U0042,METILDOPA  250 MG COMPRIMIDO,112500929,3498,124,336
2177,BR0272091,"VITAMINAS DO COMPLEXO B, COMPOSIÇÃO BÁSICA:VITAMINAS: B1,B2,B6,B12 E PP, USO:SOLUÇÃO INJETÁVEL",18679365,3497,997,106
11862,BR0412965-1,SIMETICONA 75 MG/ML SUSPENSÃO ORAL  10 ML,7547196,3488,1373,176
11249,BR0303292U0039,RINGER LACTATO SÓDICO SOLUÇÃO INJETÁVEL 500 ML SISTEMA FECHADO,4903589,3476,780,152
11851,BR0300725U0009,FENOBARBITAL  100 MG/ML SOLUÇÃO INJETÁVEL 2 ML,462826,3474,699,156
165,BR0272365,"SERTRALINA CLORIDRATO, DOSAGEM:50MG",39391825369,3450,938,185
682,BR0267729,"NIFEDIPINO, DOSAGEM:20 MG",168642696,3447,872,216
18294,BRBBR0273467U0062,LORATADINA 1 MG/ML XAROPE  100 ML,801361,3430,76,345
11430,BR0275963U0042,FINASTERIDA 5 MG COMPRIMIDO,38845441,3420,658,357
18122,BRBBR0268252U0009,DIPIRONA SÓDICA  500 MG/ML SOLUÇÃO INJETÁVEL 2 ML,72146299,3415,81,5
12017,BR0267504U0041,ÁCIDO VALPRÓICO (VALPROATO DE SÓDIO)  250 MG CÁPSULA,313009582,3414,957,161
12511,BR0338591U0030,METRONIDAZOL 100MG/G GEL 50 G,3332762,3410,1261,315
11329,BR0268150U0062,PREDNISOLONA 3 MG/ML SOLUÇÃO ORAL 100 ML,3620200,3409,1195,86
18212,BRBBR0267653U0042,ESPIRONOLACTONA  25 MG COMPRIMIDO,24433599,3408,139,43
18113,BRBBR0267674U0042,HIDROCLOROTIAZIDA  25MG COMPRIMIDO,89180101,3401,133,189
18126,BRBBR0270846U0005,"NORETISTERONA, ENANTATO DE  + ESTRADIOL, VALERATO DE   50 + 5 MG/ML SOLUÇÃO INJETÁVEL 1 ML",599710,3385,84,1
11374,BR0270092U0039,GLICOSE 5 % SOLUÇÃO INJETÁVEL 500 ML SISTEMA FECHADO,3205701,3381,853,226
18119,BRBBR0268123U0042,LEVOTIROXINA SÓDICA 50 MCG COMPRIMIDO ELENCO ESTADUAL,25287838,3375,101,1
18151,BRBBR0267507U0063,ALBENDAZOL 40 MG/ML SUSPENSÃO ORAL  10 ML,570297,3374,96,40
18098,BRBBR0267510U0042,"AMIODARONA, CLORIDRATO 200 MG COMPRIMIDO",8427306,3367,92,245
18117,BRBBR0267717U0042,METRONIDAZOL 250 MG COMPRIMIDO,7563582,3365,82,18
11210,BR0270495-1,"COLAGENASE + CLORANFENICOL 0,6 UI + 10 MG/G POMADA 30 G",4977758,3361,1052,423
18213,BRBBR0268124U0042,LEVOTIROXINA SÓDICA 25 MCG COMPRIMIDO ELENCO ESTADUAL,27623586,3354,81,53
11301,BR0267509U0042,ALOPURINOL 300 MG COMPRIMIDO,35512757,3336,552,246
819,BR0271000,"DICLOFENACO, APRESENTAÇÃO:SAL SÓDICO, DOSAGEM:50 MG",154932006,3335,913,243
18107,BRBBR0267647U0042,"DIGOXINA  0,25 MG COMPRIMIDO",5806910,3327,78,3
11233,BR0278500,"ESPARADRAPO, 10CM, 4,50 M, IMPERMEÁVEL, ALGODÃO",11102741,3316,752,90
18132,BRBBR0272789U0042,"LEVONORGESTREL + ETINILESTRADIOL  0,15 + 0,03 MG COMPRIMIDO",22186956,3315,74,2
18120,BRBBR0268125U0042,LEVOTIROXINA SÓDICA 100 MCG COMPRIMIDO ELENCO ESTADUAL,16852945,3298,90,1
18154,BRBBR0267632U0042,"CIPROFLOXACINO, CLORIDRATO 500 MG  COMPRIMIDO ELENCO ESTADUAL",14549784,3297,75,25
588,BR0272839,"RISPERIDONA, DOSAGEM:1 MG",271336429,3295,740,180
11227,BR0276656U0042,"METOPROLOL, SUCCINATO 25 MG COMPRIMIDO DE LIBERAÇÃO PROLONGADA",104586629,3293,942,141
18261,BRBBR0267676U0042,IBUPROFENO  600 MG COMPRIMIDO,32771403,3271,115,59
18164,BRBBR0267772U0042,"PROPRANOLOL, CLORIDRATO 40 MG COMPRIMIDO",29769180,3259,177,362
18137,BRBBR0294887U0084,"SALBUTAMOL, SULFATO 100 MCG/DOSE AEROSSOL 200 DOSES ELENCO ESTADUAL",577746,3255,132,6
18167,BRBBR0268856U0042,LOSARTANA POTÁSSICA 50 MG COMPRIMIDO,180281454,3245,180,317
18163,BRBBR0267747U0042,SINVASTATINA  20 MG COMPRIMIDO,44199082,3236,131,194
18129,BRBBR0271157U0063,INSULINA HUMANA NPH 100 UI/ML SUSPENSÃO INJETÁVEL 10 ML ELENCO ESTADUAL,10289015,3228,118,3
18128,BRBBR0271154U0063,INSULINA HUMANA REGULAR 100 UI/ML SOLUÇÃO INJETÁVEL 10 ML ELENCO ESTADUAL,3097492,3219,281,8
11668,BR0270126U0042,LEVODOPA + BENSERAZIDA  200 + 50 MG COMPRIMIDO ELENCO ESTADUAL,53449917,3193,763,251
11238,BR0281135U0113INAT,"AMOXICILINA + CLAVULANATO DE POTÁSSIO 50 MG+ 12,5 MG/ML SUSPENSÃO ORAL  75 ML",665001,3186,2082,1
18160,BRBBR0267691U0042,"METFORMINA, CLORIDRATO 850 MG COMPRIMIDO",47251283,3148,141,358
11265,BR0448841U0113,"AMOXICILINA + CLAVULANATO DE POTÁSSIO 50 + 12,5  MG/ML SUSPENSÃO ORAL  75 ML",2873468,3144,643,301
18153,BRBBR0267564U0042,"CARVEDILOL 12,5 MG COMPRIMIDO",18886050,3142,81,4
11347,BR0268439U0042,CLARITROMICINA 500 MG  COMPRIMIDO ELENCO ESTADUAL,39720352,3140,805,253
18118,BRBBR0267768U0042,"PROMETAZINA, CLORIDRATO 25 MG COMPRIMIDO",11083432,3134,87,125
20873,BRBBR0273328U0042,,1496992,3106,63,1
11313,BR0267654U0042,ESPIRONOLACTONA  100 MG COMPRIMIDO,12654772,3106,639,197
21151,BRBBR0332754U0097,IBUPROFENO  50 MG/ML SUSPENSÃO ORAL  30 ML,36886983,3083,81,0
11404,BR0273009U0042,"FLUOXETINA, CLORIDRATO 20 MG COMPRIMIDO ELENCO ESTADUAL",483935651,3080,1137,683
258,BR0269956,"BROMOPRIDA, DOSAGEM:4 MG/ML, APRESENTAÇÃO:GOTAS",5467718,3078,695,238
18148,BRBBR0267205U0063,DIPIRONA SÓDICA  500 MG/ML SOLUÇÃO ORAL 10 ML,1214418,3074,108,69
18260,BRBBR0267652U0042,"ENALAPRIL, MALEATO 20 MG COMPRIMIDO",36545168,3029,81,21
209,BR0268129,"LEVOMEPROMAZINA, DOSAGEM:100 MG",96763156,3014,645,180
18168,BRBBR0269462U0042,ALENDRONATO DE SÓDIO  70 MG COMPRIMIDO,1950289,2994,114,22
18177,BRBBR0292345U0097,SULFATO FERROSO (25MG/ML DE FERRO ELEMENTAR) 125 MG/ML SOLUÇÃO ORAL 30 ML ELENCO ESTADUAL,387756,2981,114,26
11770,BR0268286U0031,"MICONAZOL, NITRATO 2 % CREME  80 G",1077276,2972,1400,84
18183,BRBBR0267769U0009,"PROMETAZINA, CLORIDRATO 25 MG/ML SOLUÇÃO INJETÁVEL 2 ML",326831,2971,91,35
18298,BRBBR0372335U0029,METRONIDAZOL 100 MG/G BISNAGA 50 G,266267,2934,78,18
11370,BR0269958-1,BROMOPRIDA 5 MG/ML SOLUÇÃO INJETÁVEL 2 ML,10239637,2930,785,256
11322,BR0268069U0013,"CLORPROMAZINA, CLORIDRATO 5 MG/ML SOLUÇÃO INJETÁVEL 5 ML",697809,2925,625,8
11220,BR0272089U0029,SULFADIAZINA DE PRATA 1% CREME  50 G,170487875,2923,955,216
21091,BR0269388U0006,"DEXAMETASONA  4 MG/ML SOL INJ (AMP) 2,5ML",11477553,2906,627,6
18277,BRBBR0267508U0042,ALOPURINOL 100 MG COMPRIMIDO,11987775,2903,64,1
47,BR0268299,"SECNIDAZOL, CONCENTRAÇÃO:1.000 MG",72505140,2887,727,151
11624,BR0442011U0137,INSULINA HUMANA REGULAR 100 UI/ML SOLUÇÃO INJETÁVEL 3 ML COM SISTEMA DE APLICAÇÃO,3388263,2876,1352,128
11625,BR0442012U0137,INSULINA HUMANA NPH 100 UI/ML SOLUÇÃO INJETÁVEL 3 ML COM SISTEMA DE APLICAÇÃO,2791747544,2868,1716,39
18157,BRBBR0267646U0062,"DEXCLORFENIRAMINA, MALEATO 0,4 MG/ML SOLUÇÃO ORAL 100 ML",986222,2863,53,9
11269,BR0269388U0006INAT,"DEXAMETASONA  4 MG/ML SOL INJ (AMP) 2,5ML",4334252,2847,1854,4
18328,BRBBR0279269U0042,VARFARINA SÓDICA  5 MG COMPRIMIDO,6909005,2833,63,658
524,BR0267688,"METILDOPA, DOSAGEM:500 MG",24709051,2828,999,165
18099,BRBBR0267512U0042,"AMITRIPTILINA, CLORIDRATO 25 MG COMPRIMIDO ELENCO ESTADUAL",47059723,2827,66,528
11343,BR0268414U0118,CEFTRIAXONA SÓDICA 1G PÓ PARA SOLUÇÃO INJETÁVEL   IV,29588123,2824,918,130
11651,BR0267504U0042,ÁCIDO VALPRÓICO (VALPROATO DE SÓDIO)  250 MG COMPRIMIDO ELENCO ESTADUAL,57460200,2824,981,106
18103,BRBBR0267618U0042,CARBAMAZEPINA  200 MG COMPRIMIDO ELENCO ESTADUAL,133818885,2816,55,33
18109,BRBBR0267660U0042,FENOBARBITAL  100 MG COMPRIMIDO ELENCO ESTADUAL,27197888,2810,48,320
12339,BR0340207U0086,"CLORPROMAZINA, CLORIDRATO 40 MG/ML SOLUÇÃO ORAL 20 ML",305263,2807,560,315
273,BR0268128,"LEVOMEPROMAZINA, DOSAGEM:25 MG",84701103,2805,634,323
537,BR0267694,"MEBENDAZOL, DOSAGEM:20 MG/ML, APRESENTAÇÃO:SUSPENSÃO ORAL",1789786,2805,885,176
18111,BRBBR0267669U0042,HALOPERIDOL 5 MG COMPRIMIDO,16418174,2790,59,28
18161,BRBBR0267733U0042,"NORETISTERONA 0,35 MG COMPRIMIDO",6634058,2781,114,916
18222,BRBBR0271089U0041,AMOXICILINA 500 MG CÁPSULA,21210117,2775,101,47
18170,BRBBR0270140U0042,"BIPERIDENO, CLORIDRATO  2 MG COMPRIMIDO ELENCO ESTADUAL",17041947,2770,61,128
1073,BR0389556,"MONITOR PORTÁTIL, OPERAÇÃO:DIGITAL, TIPO AMOSTRA:SANGUE CAPILAR, TIPO DE ANÁLISE:QUANTITATIVO DE GLICOSE, FAIXA DE OPERAÇÃO:ATÉ 600 MG/DL, TEMPO RESPOSTA:ATÉ 10 S, MEMÓRIA:250 A 500 TESTES",5506887,2766,1120,31
18124,BRBBR0268370U0042,ACICLOVIR 200 MG COMPRIMIDO ELENCO ESTADUAL,4505969,2764,82,35
18179,BRBBR0308882U0042,SULFAMETOXAZOL + TRIMETOPRIMA  400 + 80 MG COMPRIMIDO ELENCO ESTADUAL,6107678,2763,106,110
18108,BRBBR0267657U0042,FENITOÍNA SÓDICA  100 MG COMPRIMIDO ELENCO ESTADUAL,12897944,2755,65,217
21132,BRBBR0268150U0110,PREDNISOLONA 3 MG/ML SOLUÇÃO ORAL 60 ML,100428065,2738,76,3
18104,BRBBR0267625U0042,CEFALEXINA 500 MG  COMPRIMIDO,8321832,2725,101,84
18182,BRBBR0331555U0110,CEFALEXINA 50 MG/ML SUSPENSÃO ORAL  60 ML,367775,2722,102,19
18708,BRO,,128855909,2719,2,105
18175,BRBBR0292194U0005,"HALOPERIDOL,  SAL DECANOATO ,50MG/ML SOLUÇÃO INJETÁVEL 1 ML ELENCO ESTADUAL",3558528,2718,75,294
18155,BRBBR0267638U0042,"CLORPROMAZINA, CLORIDRATO 100 MG  COMPRIMIDO ELENCO ESTADUAL",13881063,2709,51,313
11636,BR0461492U0140,"AGULHA DESCARTÁVEL 4 MM X 0, 23 MM PARA CANETA APLICADORA DE INSULINA",429970860,2695,711,78
18210,BRBBR0267621U0042,CARBONATO DE LÍTIO 300 MG COMPRIMIDO ELENCO ESTADUAL,33080805,2682,63,362
18297,BRBBR0342134U0118,"HIDROCORTISONA, SUCCINATO SÓDICO 500MG PÓ PARA SOLUÇÃO INJETÁVEL",293772,2676,84,0
18220,BRBBR0270120U0086,"CLONAZEPAM 2,5 MG/ML SOLUÇÃO ORAL 20 ML",836283,2672,45,190
857,BR0270620,"ESCOPOLAMINA BUTILBROMETO, APRESENTAÇÃO:ASSOCIADA COM DIPIRONA SÓDICA, DOSAGEM:10MG + 250MG",89635995,2666,828,63
12094,BR0437156U0105,"HIPOCLORITO DE SÓDIO 2,0 A 2,5 % SOLUÇÃO 50 ML",21316695,2665,995,44
18425,BRBBR0267745U0042,SINVASTATINA  40 MG COMPRIMIDO,20171638,2664,101,190
18323,BRBBR0268162U0031,"MICONAZOL, NITRATO 2 % CREME VAGINAL  80 G",205631,2657,68,10
11736,BR0376105U0140,NICOTINA 7 MG ADESIVO TRANSDÉRMICO,73575695,2652,614,6
11705,BR0297746U0140,"DISPOSITIVO INTRA-UTERINO (DIU), EM ""T"", FLEXÍVEL, POLETILENO, FIO COBRE ENROLADO HASTE,CONE COBRE NOS BRAÇOS ""T"", 2 FIOS POLIETILENO BRANCO 2 A 3CM",3558212,2652,522,20
1083,BR0269893,"LUVA PARA PROCEDIMENTO NÃO CIRÚRGICO, MATERIAL:LÁTEX NATURAL ÍNTEGRO E UNIFORME, TAMANHO:MÉDIO, CARACTERÍSTICAS ADICIONAIS:LUBRIFICADA COM PÓ BIOABSORVÍVEL, DESCARTÁVEL, APRESENTAÇÃO:ATÓXICA, TIPO:AMBIDESTRA, TIPO USO:DESCARTÁVEL, MODELO:FORMATO ANATÔMICO, FINALIDADE:RESISTENTE À TRAÇÃO",1337524038,2646,891,26
11527,BR0306947U0041,"OSELTAMIVIR, FOSFATO 75 MG CÁPSULA",8925295,2644,609,1
18101,BRBBR0267565U0042,"CARVEDILOL 6,25 MG  COMPRIMIDO",10279849,2643,102,24
11738,BR0376107U0140,NICOTINA 21 MG ADESIVO TRANSDÉRMICO,30780997,2636,641,59
592,BR0267540,"GLICOSE, CONCENTRAÇÃO:25%, INDICAÇÃO:SOLUÇÃO INJETÁVEL",1778458,2626,820,49
11671,BR0271103U0062,CETOCONAZOL 2% XAMPU  100 ML,1376340,2616,583,160
18295,BRBBR0292427U0006,"DEXAMETASONA, FOSFATO DISSÓDICO 4 MG/ML SOLUÇÃO INJETÁVEL AMPOLA 2,5  ML",881482,2604,75,36
552,BR0327566,"ÁCIDO TRANEXÂMICO, DOSAGEM:50 MG/ML, FORMA FARMACÊUTICA:SOLUÇÃO INJETÁVEL",1307424,2602,714,188
363,BR0269894,"LUVA PARA PROCEDIMENTO NÃO CIRÚRGICO, MATERIAL:LÁTEX NATURAL ÍNTEGRO E UNIFORME, TAMANHO:PEQUENO, CARACTERÍSTICAS ADICIONAIS:LUBRIFICADA COM PÓ BIOABSORVÍVEL, DESCARTÁVEL, APRESENTAÇÃO:ATÓXICA, TIPO:AMBIDESTRA, TIPO USO:DESCARTÁVEL, MODELO:FORMATO ANATÔMICO, FINALIDADE:RESISTENTE À TRAÇÃO",859547787,2601,845,14
32,BR0268149,"RISPERIDONA, DOSAGEM:2 MG",175078365,2598,711,190
18274,BRBBR0267194U0009,DIAZEPAM 5 MG/ML SOLUÇÃO INJETÁVEL 2 ML,235713,2598,99,14
12521,BR0368654U0004,"CLORETO DE SÓDIO 0,9% SOLUÇÃO INJETÁVEL 10 ML ELENCO ESTADUAL",8296426,2589,710,328
11737,BR0376106U0140,NICOTINA 14 MG ADESIVO TRANSDÉRMICO,43544764,2587,615,4
18105,BRBBR0267635U0042,"CLORPROMAZINA, CLORIDRATO 25 MG  COMPRIMIDO",9949437,2585,62,3
18231,BRBBR0308884U0062,SULFAMETOXAZOL + TRIMETOPRIMA  40 + 8 MG/ML SUSPENSÃO ORAL  100 ML ELENCO ESTADUAL,128152,2584,70,49
18281,BRBBR0267666U0009,FUROSEMIDA 10 MG/ML SOLUÇÃO INJETÁVEL 2 ML,100332253,2576,88,8
994,BR0412965,"SIMETICONA, CONCENTRAÇÃO:75 MG/ML, FORMA FARMACÊUTICA:SOLUÇÃO ORAL - GOTAS",5950632,2547,1290,74
281,BR0270622,"ESCOPOLAMINA BUTILBROMETO, APRESENTAÇÃO:ASSOCIADA COM DIPIRONA SÓDICA, DOSAGEM:6,67MG + 333MG/ML, INDICAÇÃO:SOLUÇÃO ORAL",4160816,2535,746,261
18187,BRBBR0292196U0005,HALOPERIDOL 5 MG/ML SOLUÇÃO INJETÁVEL 1 ML,250300,2530,81,21
11873,BR0433257-1,HIDRÓXIDO DE ALUMÍNIO 60 MG/ML SOLUÇÃO ORAL 100 ML,1365224,2521,1098,70
18156,BRBBR0267645U0042,"DEXCLORFENIRAMINA, MALEATO 2 MG COMPRIMIDO",38055351,2511,87,36
11727,BR0364037U0042,RIFAMPICINA 150MG + ISONIAZIDA 75MG + PIRAZINAMIDA 400MG + ETAMBUTOL 275MG 150 MG + 75MG + 400MG + 275MG COMPRIMIDO,1221509951,2510,879,196
18283,BRBBR0268255U0005,EPINEFRINA 1 MG/ML SOLUÇÃO INJETÁVEL 1 ML,207286,2501,106,5
11547,BR0332930,"TOUCA, DESCARTÁVEL, POLIPROPILENO, BRANCA, TAMANHO ÚNICO C/ ELÁSTICO",228912118,2491,795,44
11719,BR0329508U0041,"RETINOL, PALMITATO 200.000 UI CÁPSULA",18473127,2489,1003,571
11841,BR0273167-2,NEOMICINA + BACITRACINA 5 + 250 MG + UI/G POMADA 15 G,4874524,2488,943,80
12019,BR0270128U0042,LEVODOPA + BENSERAZIDA  100 + 25 MG COMPRIMIDO ELENCO ESTADUAL,46915494,2479,764,71
11632,BR0448845U0009,CETOPROFENO 50 MG/ML SOLUÇÃO INJETÁVEL 2 ML,31419129,2447,632,115
18112,BRBBR0267671U0042,GLIBENCLAMIDA 5 MG COMPRIMIDO,125143183,2446,125,40
11889,BR0433257U0062,HIDRÓXIDO DE ALUMÍNIO 60 MG/ML SUSPENSÃO ORAL  100 ML,2085023,2428,908,102
12016,BR0267208U0029,ESTRIOL 1 MG/G CREME VAGINAL  50 G,4392315,2412,585,123
12029,BR0267425U0042,"VERAPAMIL, CLORIDRATO 80 MG COMPRIMIDO",15549964,2402,476,116
490,BR0284106,"RISPERIDONA, DOSAGEM:1 MG/ML, USO:SOLUÇÃO ORAL, COM PIPETA DOSADORA",13954178,2386,653,85
18499,BRBBR0267205U0086,DIPIRONA SÓDICA  500 MG/ML SOLUÇÃO ORAL 20 ML,1135848,2379,57,46
11669,BR0270130U0042,LEVODOPA + CARBIDOPA  250 + 25 MG COMPRIMIDO ELENCO ESTADUAL,6334120,2376,617,76
18093,BRBBR0267197U0042,DIAZEPAM 10 MG COMPRIMIDO ELENCO ESTADUAL,22480692,2375,97,23
2545,BR0269892,"LUVA PARA PROCEDIMENTO NÃO CIRÚRGICO, MATERIAL:LÁTEX NATURAL ÍNTEGRO E UNIFORME, TAMANHO:GRANDE, CARACTERÍSTICAS ADICIONAIS:LUBRIFICADA COM PÓ BIOABSORVÍVEL, DESCARTÁVEL, APRESENTAÇÃO:ATÓXICA, TIPO:AMBIDESTRA, TIPO USO:DESCARTÁVEL, MODELO:FORMATO ANATÔMICO, FINALIDADE:RESISTENTE À TRAÇÃO",161728381,2367,738,47
9662,BR0350542,"CANETA, APLICADORA DE INSULINA",2414635,2363,625,4
11733,BR0374155U0042,ISONIAZIDA + RIFAMPICINA 75 + 150 MG COMPRIMIDO,1492684311,2361,755,0
162,BR0412963,"SIMETICONA, CONCENTRAÇÃO:40 MG",52252882,2352,603,196
18293,BRBBR0273400U0042,"ISOSSORBIDA, MONONITRATO 20 MG COMPRIMIDO",103875406,2343,104,153
2179,BR0327792,"CEFALEXINA, DOSAGEM:25 MG/ML, FORMA FARMACÊUTICA:PÓ P/ SUSPENSÃO ORAL",1077756,2340,1125,82
18363,BRBBR0269846U0023,"LIDOCAÍNA, CLORIDRATO 20 MG/G GEL 30 G",169068,2336,53,34
18192,BRBBR0267378U0105,NISTATINA 100.000 UI/ML SUSPENSÃO ORAL  50  ML,112751,2332,68,1
234,BR0270118,"CLONAZEPAM, DOSAGEM:0,5 MG",162950248,2330,525,247
18319,BRBBR0267566U0042,"CARVEDILOL 3,125 MG  COMPRIMIDO",15701499,2328,57,1
18100,BRBBR0267522U0042,"CLOMIPRAMINA, CLORIDRATO 25 MG  COMPRIMIDO",7154056,2310,48,0
18138,BRBBR0398702U0005,"MEDROXIPROGESTERONA, ACETATO 150 MG/ML SUSPENSÃO INJETÁVEL 1 ML",267736,2296,56,40
18123,BRBBR0268273U0041,NITROFURANTOÍNA 100 MG CÁPSULA,6221777,2296,103,47
11828,BR0266788-1,NISTATINA 25.000 UI/G CREME VAGINAL  50 G,1330728,2293,916,167
189,BR0268160,"OMEPRAZOL, CONCENTRAÇÃO:40 MG, USO:INJETÁVEL",6066054,2293,640,77
18173,BRBBR0271606U0041,"NORTRIPTILINA, CLORIDRATO 25 MG CÁPSULA",10530822,2288,37,200
18178,BRBBR0308732U0062,ÁCIDO VALPRÓICO (VALPROATO DE SÓDIO)  50 MG/ML XAROPE  100 ML ELENCO ESTADUAL,100346195,2281,69,216
531,BR0284105,"RISPERIDONA, DOSAGEM:3 MG",135143641,2264,572,97
18230,BRBBR0300723U0086,FENOBARBITAL  40 MG/ML SOLUÇÃO ORAL 20 ML ELENCO ESTADUAL,277258,2253,66,157
18285,BRBBR0268331U0086,"IPRATRÓPIO, BROMETO  0,25 MG/ML SOLUÇÃO PARA INALAÇÃO 20 ML ELENCO ESTADUAL",157606,2239,107,12
18209,BRBBR0267509U0042,ALOPURINOL 300 MG COMPRIMIDO,5850260,2239,76,57
11264,BR0448838U0067,ACEBROFILINA 5 MG/ML XAROPE  120 ML,2355380,2238,623,120
11786,BR0268436U0041,"CLINDAMICINA, CLORIDRATO 300 MG CÁPSULA",7862628,2237,573,90
18318,BRBBR0267311U0063,"METOCLOPRAMIDA, CLORIDRATO 4 MG/ML SOLUÇÃO ORAL 10 ML",100237579,2229,96,36
13056,BR0442701U0118,CEFTRIAXONA SÓDICA 1G PÓ PARA SOLUÇÃO INJETÁVEL,996616220,2226,754,104
11803,BR0332468U0062,SULFATO FERROSO (5MG/ML DE FERRO ELEMENTAR) 25 MG/ML XAROPE  100 ML,286337,2222,932,91
18278,BRBBR0267541U0004,GLICOSE 50 % SOLUÇÃO INJETÁVEL 10 ML,301999,2220,93,4
18384,BRBBR0339565U0140,TIRA REAGENTE PARA MEDIR GLICEMIA CAPILAR,130621645,2213,61,4
11262,BR0394856U0062,METRONIDAZOL (BENZOILMETRONIDAZOL) 40 MG/ML SUSPENSÃO ORAL  100 ML,605295,2211,426,208
11718,BR0329507U0041,"RETINOL, PALMITATO 100.000 UI CÁPSULA",4935054,2210,1019,5
18340,BRBBR0363597U0110,PERMETRINA 50 MG/ML LOÇÃO 60 ML,149418,2199,57,186
11608,BR0411827,"AGULHA DESCARTÁVEL, AÇO INOXIDÁVEL, 4 MM, 32 G, CANETA APLICADORA DE INSULINA, ESTÉRIL, EMBALAGEM INDIVIDUAL",211438897,2194,628,59
18291,BRBBR0270220U0118,"HIDROCORTISONA, SUCCINATO SÓDICO 100MG PÓ PARA SOLUÇÃO INJETÁVEL",282402,2192,118,6
12321,BR0270992U0042,DICLOFENACO POTÁSSICO 50 MG COMPRIMIDO,73223556,2190,777,69
20,BR0267283,"ESCOPOLAMINA BUTILBROMETO, DOSAGEM:10 MG",39540801,2189,573,139
12614,BR0268994U0042,"BUPROPIONA, CLORIDRATO 150 MG COMPRIMIDO DE LIBERAÇÃO PROLONGADA",27965073,2188,618,31
18195,BRSBR0306947U0041,"OSELTAMIVIR, FOSFATO 75 MG CÁPSULA",1609015,2181,46,3
1387,BR0268994,"BUPROPIONA CLORIDRATO, DOSAGEM:150 MG",53285996,2175,898,17
18208,BRBBR0267505U0042,ÁCIDO VALPRÓICO (VALPROATO DE SÓDIO)  500 MG COMPRIMIDO ELENCO ESTADUAL,12606491,2173,61,363
11200,BR0268499U0042,METRONIDAZOL 400 MG COMPRIMIDO,18888107,2164,588,88
18125,BRBBR0268956U0042,"LEVONORGESTREL 0,75 MG COMPRIMIDO",2529419,2154,114,0
804,BR0267779,"PARACETAMOL, DOSAGEM COMPRIMIDO:750 MG",255948604,2147,637,247
11385,BR0271004,DICLOFENACO SÓDICO 75 MG/ML SOLUÇÃO INJETÁVEL 3 ML,5516805,2136,868,97
18336,BRBBR0267310U0009,"METOCLOPRAMIDA, CLORIDRATO 5 MG/ML SOLUÇÃO INJETÁVEL 2 ML",398646,2130,80,3
11585,BR0379902U0041,"OSELTAMIVIR, FOSFATO 30 MG CÁPSULA",1895524,2123,485,194
12015,BR0306361U0042,CARBONATO DE CÁLCIO + COLECALCIFEROL  600 MG + 400 UI COMPRIMIDO,40236927,2121,800,95
18259,BRBBR0267651U0042,"ENALAPRIL, MALEATO 10 MG COMPRIMIDO ELENCO ESTADUAL",22061287,2107,153,4
18130,BRBBR0272341U0042,"TIAMINA, CLORIDRATO 300 MG COMPRIMIDO",6979104,2103,54,109
18219,BRBBR0268493U0042,"DOXAZOSINA, MESILATO 2 MG COMPRIMIDO",9926216,2099,84,4
18438,BRBBR0267690U0042,"METFORMINA, CLORIDRATO 500 MG COMPRIMIDO",13879347,2094,83,52
18359,BRBBR0267773U0110,PERMETRINA 10 MG/ML LOÇÃO 60 ML,127538,2093,77,129
11170,BR0267646U0067,"DEXCLORFENIRAMINA, MALEATO 0,4 MG/ML SOLUÇÃO ORAL 120 ML",2728459,2087,713,56
12391,BR0271689-1,ÁCIDO ASCÓRBICO 200 MG/ML SOLUÇÃO ORAL 20 ML,6065914,2073,623,194
11236,BR0279726U0421,"ALGODÃO, HIDRÓFILO, EM MANTAS, NÃO ESTÉRIL 500 G",345937752,2069,599,34
18289,BRBBR0268896U0042,"ANLODIPINO, BESILATO 10 MG COMPRIMIDO",7511265,2068,80,4
855,BR0273940,"PAROXETINA CLORIDRATO, DOSAGEM:20 MG",159172933,2066,657,65
236,BR0272903,"CITALOPRAM, DOSAGEM:20 MG",475719628126,2060,477,174
