catmat_id,descricao_catmat,ano,preco_unitario_medio,valor_total,numero_compras
3,"SALBUTAMOL, DOSAGEM:100MCG/DOSE, FORMA FARMACÊUTICA:AEROSOL ORAL",2020,10.3839,215366.24,131
3,"SALBUTAMOL, DOSAGEM:100MCG/DOSE, FORMA FARMACÊUTICA:AEROSOL ORAL",2021,18.4691,16051796.66,136
3,"SALBUTAMOL, DOSAGEM:100MCG/DOSE, FORMA FARMACÊUTICA:AEROSOL ORAL",2022,8.5163,153837.97,113
3,"SALBUTAMOL, DOSAGEM:100MCG/DOSE, FORMA FARMACÊUTICA:AEROSOL ORAL",2023,10.7471,14040717.66,61
3,"SALBUTAMOL, DOSAGEM:100MCG/DOSE, FORMA FARMACÊUTICA:AEROSOL ORAL",2024,12.6303,13793300.93,30
3,"SALBUTAMOL, DOSAGEM:100MCG/DOSE, FORMA FARMACÊUTICA:AEROSOL ORAL",2025,12.182,620591.6,5
23,"ACICLOVIR, DOSAGEM:200 MG",2020,7.8437,22437.62,171
23,"ACICLOVIR, DOSAGEM:200 MG",2021,1.0651,39570348.77,155
23,"ACICLOVIR, DOSAGEM:200 MG",2022,532.907,122390.4,148
23,"ACICLOVIR, DOSAGEM:200 MG",2023,0.2345,1427874.02,82
23,"ACICLOVIR, DOSAGEM:200 MG",2024,0.2071,920480.8,45
23,"ACICLOVIR, DOSAGEM:200 MG",2025,0.1988,172402.8,9
26,"CEFTRIAXONA SÓDICA, CONCENTRAÇÃO:500 MG, FORMA FARMACEUTICA:PÓ P/ SOLUÇÃO INJETÁVEL",2020,8.6473,111745.34,69
26,"CEFTRIAXONA SÓDICA, CONCENTRAÇÃO:500 MG, FORMA FARMACEUTICA:PÓ P/ SOLUÇÃO INJETÁVEL",2021,9.299,978036.35,57
26,"CEFTRIAXONA SÓDICA, CONCENTRAÇÃO:500 MG, FORMA FARMACEUTICA:PÓ P/ SOLUÇÃO INJETÁVEL",2022,1797.1414,80615461.12,50
26,"CEFTRIAXONA SÓDICA, CONCENTRAÇÃO:500 MG, FORMA FARMACEUTICA:PÓ P/ SOLUÇÃO INJETÁVEL",2023,6.5091,3338302.36,23
26,"CEFTRIAXONA SÓDICA, CONCENTRAÇÃO:500 MG, FORMA FARMACEUTICA:PÓ P/ SOLUÇÃO INJETÁVEL",2024,7.0337,324617.95,16
26,"CEFTRIAXONA SÓDICA, CONCENTRAÇÃO:500 MG, FORMA FARMACEUTICA:PÓ P/ SOLUÇÃO INJETÁVEL",2025,7.8756,522363.21,4
39,"AMOXICILINA, CONCENTRAÇÃO:50MG/ML, APRESENTAÇÃO:PÓ PARA SUSPENSÃO ORAL",2020,4.6791,131880.9,183
39,"AMOXICILINA, CONCENTRAÇÃO:50MG/ML, APRESENTAÇÃO:PÓ PARA SUSPENSÃO ORAL",2021,4.0107,9260919.96,144
39,"AMOXICILINA, CONCENTRAÇÃO:50MG/ML, APRESENTAÇÃO:PÓ PARA SUSPENSÃO ORAL",2022,4.4729,101256,135
39,"AMOXICILINA, CONCENTRAÇÃO:50MG/ML, APRESENTAÇÃO:PÓ PARA SUSPENSÃO ORAL",2023,92.71,28575685.31,74
39,"AMOXICILINA, CONCENTRAÇÃO:50MG/ML, APRESENTAÇÃO:PÓ PARA SUSPENSÃO ORAL",2024,5.3895,7939127.31,58
39,"AMOXICILINA, CONCENTRAÇÃO:50MG/ML, APRESENTAÇÃO:PÓ PARA SUSPENSÃO ORAL",2025,4.44,314214,8
43,"AZITROMICINA, DOSAGEM:500 MG",2020,7.3326,82501.6,242
43,"AZITROMICINA, DOSAGEM:500 MG",2021,6.4663,26758057.04,260
43,"AZITROMICINA, DOSAGEM:500 MG",2022,2.9894,40273.01,199
43,"AZITROMICINA, DOSAGEM:500 MG",2023,0.9646,13847102.22,86
43,"AZITROMICINA, DOSAGEM:500 MG",2024,0.9349,3775564.7,65
43,"AZITROMICINA, DOSAGEM:500 MG",2025,0.7476,497117.4,9
48,"AZITROMICINA, DOSAGEM:40 MG/ML, APRESENTAÇÃO:SUSPENSÃO ORAL",2020,8.1627,262191.48,143
48,"AZITROMICINA, DOSAGEM:40 MG/ML, APRESENTAÇÃO:SUSPENSÃO ORAL",2021,9.2542,7884976.95,150
48,"AZITROMICINA, DOSAGEM:40 MG/ML, APRESENTAÇÃO:SUSPENSÃO ORAL",2022,7.039,183514.18,140
48,"AZITROMICINA, DOSAGEM:40 MG/ML, APRESENTAÇÃO:SUSPENSÃO ORAL",2023,100.5316,24489287.55,76
48,"AZITROMICINA, DOSAGEM:40 MG/ML, APRESENTAÇÃO:SUSPENSÃO ORAL",2024,7.5575,3288138.62,60
48,"AZITROMICINA, DOSAGEM:40 MG/ML, APRESENTAÇÃO:SUSPENSÃO ORAL",2025,6.73,330335,8
55,"NOREPINEFRINA, CONCENTRAÇÃO:2 MG/ML, FORMA FARMACÊUTICA:SOLUÇÃO INJETÁVEL",2020,12.397,56720.13,73
55,"NOREPINEFRINA, CONCENTRAÇÃO:2 MG/ML, FORMA FARMACÊUTICA:SOLUÇÃO INJETÁVEL",2021,11.7396,49459342.38,131
55,"NOREPINEFRINA, CONCENTRAÇÃO:2 MG/ML, FORMA FARMACÊUTICA:SOLUÇÃO INJETÁVEL",2022,7.2638,99367.4,113
55,"NOREPINEFRINA, CONCENTRAÇÃO:2 MG/ML, FORMA FARMACÊUTICA:SOLUÇÃO INJETÁVEL",2023,3.7028,2011582.96,44
55,"NOREPINEFRINA, CONCENTRAÇÃO:2 MG/ML, FORMA FARMACÊUTICA:SOLUÇÃO INJETÁVEL",2024,7.3692,1051515.22,35
55,"NOREPINEFRINA, CONCENTRAÇÃO:2 MG/ML, FORMA FARMACÊUTICA:SOLUÇÃO INJETÁVEL",2025,1.8145,35246.27,5
73,"CARBAMAZEPINA, DOSAGEM:200 MG",2020,1.6575,15876.23,197
73,"CARBAMAZEPINA, DOSAGEM:200 MG",2021,2.0205,43489354.09,200
73,"CARBAMAZEPINA, DOSAGEM:200 MG",2022,1.603,63499.92,192
73,"CARBAMAZEPINA, DOSAGEM:200 MG",2023,0.3564,12260186.7,76
73,"CARBAMAZEPINA, DOSAGEM:200 MG",2024,10.8313,2814121.28,64
73,"CARBAMAZEPINA, DOSAGEM:200 MG",2025,0.1591,670820,7
77,"DIPIRONA SÓDICA, DOSAGEM:500 MG",2020,1.5923,10846.5,181
77,"DIPIRONA SÓDICA, DOSAGEM:500 MG",2021,1.2102,343018793.5,200
77,"DIPIRONA SÓDICA, DOSAGEM:500 MG",2022,1.7298,16680.28,193
77,"DIPIRONA SÓDICA, DOSAGEM:500 MG",2023,0.2559,10348312.25,83
77,"DIPIRONA SÓDICA, DOSAGEM:500 MG",2024,2.4005,4648000,70
77,"DIPIRONA SÓDICA, DOSAGEM:500 MG",2025,0.1136,743750,7
83,"CARBONATO DE LÍTIO, DOSAGEM:300 MG",2020,2.9491,8072.9,145
83,"CARBONATO DE LÍTIO, DOSAGEM:300 MG",2021,0.7485,35597136.51,173
83,"CARBONATO DE LÍTIO, DOSAGEM:300 MG",2022,4.3986,12018.84,170
83,"CARBONATO DE LÍTIO, DOSAGEM:300 MG",2023,0.3009,4848473.85,72
83,"CARBONATO DE LÍTIO, DOSAGEM:300 MG",2024,4.7052,4546830.08,61
83,"CARBONATO DE LÍTIO, DOSAGEM:300 MG",2025,0.186,717422.7,10
91,"CARVEDILOL, DOSAGEM:6,25 MG",2020,0.3014,4009.24,157
91,"CARVEDILOL, DOSAGEM:6,25 MG",2021,8.5014,530236264.49,129
91,"CARVEDILOL, DOSAGEM:6,25 MG",2022,0.2876,2793,130
91,"CARVEDILOL, DOSAGEM:6,25 MG",2023,0.1366,2800293.95,57
91,"CARVEDILOL, DOSAGEM:6,25 MG",2024,0.1345,427408.15,48
91,"CARVEDILOL, DOSAGEM:6,25 MG",2025,0.0687,35338.2,6
96,"LEVODOPA, COMPOSIÇÃO:ASSOCIADO À BENSERAZIDA, DOSAGEM:200MG + 50MG",2020,2.5908,17306.72,134
96,"LEVODOPA, COMPOSIÇÃO:ASSOCIADO À BENSERAZIDA, DOSAGEM:200MG + 50MG",2021,3.64,65267778.86,114
96,"LEVODOPA, COMPOSIÇÃO:ASSOCIADO À BENSERAZIDA, DOSAGEM:200MG + 50MG",2022,43.3629,578110.99,91
96,"LEVODOPA, COMPOSIÇÃO:ASSOCIADO À BENSERAZIDA, DOSAGEM:200MG + 50MG",2023,2.4,11744884.29,33
96,"LEVODOPA, COMPOSIÇÃO:ASSOCIADO À BENSERAZIDA, DOSAGEM:200MG + 50MG",2024,1.9329,4145470.81,24
96,"LEVODOPA, COMPOSIÇÃO:ASSOCIADO À BENSERAZIDA, DOSAGEM:200MG + 50MG",2025,1.355,1770716.5,9
97,"CEFALEXINA, DOSAGEM:50 MG/ML, FORMA FARMACÊUTICA:PÓ P/ SUSPENSÃO ORAL",2020,16.9828,285647.62,149
97,"CEFALEXINA, DOSAGEM:50 MG/ML, FORMA FARMACÊUTICA:PÓ P/ SUSPENSÃO ORAL",2021,61.1459,50870290.81,142
97,"CEFALEXINA, DOSAGEM:50 MG/ML, FORMA FARMACÊUTICA:PÓ P/ SUSPENSÃO ORAL",2022,8.1952,151452.72,111
97,"CEFALEXINA, DOSAGEM:50 MG/ML, FORMA FARMACÊUTICA:PÓ P/ SUSPENSÃO ORAL",2023,11.9042,9205935.82,65
97,"CEFALEXINA, DOSAGEM:50 MG/ML, FORMA FARMACÊUTICA:PÓ P/ SUSPENSÃO ORAL",2024,9.5763,3144648.79,55
97,"CEFALEXINA, DOSAGEM:50 MG/ML, FORMA FARMACÊUTICA:PÓ P/ SUSPENSÃO ORAL",2025,8.6515,192807.3,6
118,"AMITRIPTILINA CLORIDRATO, DOSAGEM:25 MG",2020,1.0723,9892.76,185
118,"AMITRIPTILINA CLORIDRATO, DOSAGEM:25 MG",2021,0.859,60820821.88,218
118,"AMITRIPTILINA CLORIDRATO, DOSAGEM:25 MG",2022,0.7004,7443.33,186
118,"AMITRIPTILINA CLORIDRATO, DOSAGEM:25 MG",2023,0.1006,3307484.51,74
118,"AMITRIPTILINA CLORIDRATO, DOSAGEM:25 MG",2024,1.225,4909405.21,71
118,"AMITRIPTILINA CLORIDRATO, DOSAGEM:25 MG",2025,0.039,255789.5,8
120,"LOSARTANA POTÁSSICA, DOSAGEM:50 MG",2020,1.5105,10511.51,196
120,"LOSARTANA POTÁSSICA, DOSAGEM:50 MG",2021,1.5117,38229919.55,197
120,"LOSARTANA POTÁSSICA, DOSAGEM:50 MG",2022,1.2272,6966.9,163
120,"LOSARTANA POTÁSSICA, DOSAGEM:50 MG",2023,0.0939,13040858.22,81
120,"LOSARTANA POTÁSSICA, DOSAGEM:50 MG",2024,0.6363,1909690.58,50
120,"LOSARTANA POTÁSSICA, DOSAGEM:50 MG",2025,0.0395,297990,7
127,"IVERMECTINA, CONCENTRAÇÃO:6 MG",2020,1.5322,19719.97,159
127,"IVERMECTINA, CONCENTRAÇÃO:6 MG",2021,29.6855,56469535.1,211
127,"IVERMECTINA, CONCENTRAÇÃO:6 MG",2022,13.2763,35359.77,130
127,"IVERMECTINA, CONCENTRAÇÃO:6 MG",2023,0.9442,2027241.04,64
127,"IVERMECTINA, CONCENTRAÇÃO:6 MG",2024,0.4643,357496.6,43
127,"IVERMECTINA, CONCENTRAÇÃO:6 MG",2025,0.2271,48228.36,10
145,"OMEPRAZOL, CONCENTRAÇÃO:20 MG",2020,0.6825,7014.15,203
145,"OMEPRAZOL, CONCENTRAÇÃO:20 MG",2021,1.0531,47073153.32,178
145,"OMEPRAZOL, CONCENTRAÇÃO:20 MG",2022,1.0353,9783.61,189
145,"OMEPRAZOL, CONCENTRAÇÃO:20 MG",2023,0.1011,15281661.5,76
145,"OMEPRAZOL, CONCENTRAÇÃO:20 MG",2024,1.2672,2447414.09,54
145,"OMEPRAZOL, CONCENTRAÇÃO:20 MG",2025,0.0564,357300,5
149,"NIMESULIDA, DOSAGEM:100 MG",2020,0.4492,3301.5,151
149,"NIMESULIDA, DOSAGEM:100 MG",2021,0.8123,41684534.42,154
149,"NIMESULIDA, DOSAGEM:100 MG",2022,0.7848,5783.37,123
149,"NIMESULIDA, DOSAGEM:100 MG",2023,0.1322,2627400.8,61
149,"NIMESULIDA, DOSAGEM:100 MG",2024,1.8962,629656.27,51
149,"NIMESULIDA, DOSAGEM:100 MG",2025,0.0675,50900,4
165,"SERTRALINA CLORIDRATO, DOSAGEM:50MG",2020,0.9251,7357.96,180
165,"SERTRALINA CLORIDRATO, DOSAGEM:50MG",2021,0.4298,22154326.72,195
165,"SERTRALINA CLORIDRATO, DOSAGEM:50MG",2022,27.9334,222857.85,164
165,"SERTRALINA CLORIDRATO, DOSAGEM:50MG",2023,0.212,8446571.8,59
165,"SERTRALINA CLORIDRATO, DOSAGEM:50MG",2024,1.0599,22245061.82,75
165,"SERTRALINA CLORIDRATO, DOSAGEM:50MG",2025,0.1092,316184,5
173,"MIDAZOLAM, DOSAGEM:5 MG/ML, APLICAÇÃO:INJETÁVEL",2020,12.0319,128917.91,156
173,"MIDAZOLAM, DOSAGEM:5 MG/ML, APLICAÇÃO:INJETÁVEL",2021,40.9583,54540780.25,182
173,"MIDAZOLAM, DOSAGEM:5 MG/ML, APLICAÇÃO:INJETÁVEL",2022,5.6073,150719.22,179
173,"MIDAZOLAM, DOSAGEM:5 MG/ML, APLICAÇÃO:INJETÁVEL",2023,4.6454,4049246.63,86
173,"MIDAZOLAM, DOSAGEM:5 MG/ML, APLICAÇÃO:INJETÁVEL",2024,2.3363,246809.57,46
173,"MIDAZOLAM, DOSAGEM:5 MG/ML, APLICAÇÃO:INJETÁVEL",2025,2.412,26514,5
180,"IBRUTINIBE, CONCENTRAÇÃO:140 MG",2021,53567.7098,202150470.53,5
180,"IBRUTINIBE, CONCENTRAÇÃO:140 MG",2022,378.5657,592774.81,7
180,"IBRUTINIBE, CONCENTRAÇÃO:140 MG",2023,276.4816,18134651.6,4
180,"IBRUTINIBE, CONCENTRAÇÃO:140 MG",2024,350.22,504316.8,1
180,"IBRUTINIBE, CONCENTRAÇÃO:140 MG",2025,365.98,45542551.2,2
189,"OMEPRAZOL, CONCENTRAÇÃO:40 MG, USO:INJETÁVEL",2020,14.7734,222220.89,108
189,"OMEPRAZOL, CONCENTRAÇÃO:40 MG, USO:INJETÁVEL",2021,32.3281,42637077.5,151
189,"OMEPRAZOL, CONCENTRAÇÃO:40 MG, USO:INJETÁVEL",2022,14.5076,262923.26,126
189,"OMEPRAZOL, CONCENTRAÇÃO:40 MG, USO:INJETÁVEL",2023,12.3387,15664665.14,66
189,"OMEPRAZOL, CONCENTRAÇÃO:40 MG, USO:INJETÁVEL",2024,18.2928,1408562.04,40
189,"OMEPRAZOL, CONCENTRAÇÃO:40 MG, USO:INJETÁVEL",2025,8.3956,144446.2,7
213,"DIOSMINA, COMPOSIÇÃO:ASSOCIADA À HESPERIDINA, CONCENTRAÇÃO:450MG + 50MG",2020,9.8269,22320.15,110
213,"DIOSMINA, COMPOSIÇÃO:ASSOCIADA À HESPERIDINA, CONCENTRAÇÃO:450MG + 50MG",2021,2.7728,262988288.54,113
213,"DIOSMINA, COMPOSIÇÃO:ASSOCIADA À HESPERIDINA, CONCENTRAÇÃO:450MG + 50MG",2022,1.2276,14078.8,119
213,"DIOSMINA, COMPOSIÇÃO:ASSOCIADA À HESPERIDINA, CONCENTRAÇÃO:450MG + 50MG",2023,0.6918,8724189.81,38
213,"DIOSMINA, COMPOSIÇÃO:ASSOCIADA À HESPERIDINA, CONCENTRAÇÃO:450MG + 50MG",2024,3.8797,4453903.79,37
213,"DIOSMINA, COMPOSIÇÃO:ASSOCIADA À HESPERIDINA, CONCENTRAÇÃO:450MG + 50MG",2025,0.38,456000,1
231,"ACEBROFILINA, CONCENTRAÇÃO:5 MG/ML, FORMA FARMACEUTICA:XAROPE",2020,12.6591,82336.99,82
231,"ACEBROFILINA, CONCENTRAÇÃO:5 MG/ML, FORMA FARMACEUTICA:XAROPE",2021,4.0255,86368339.19,94
231,"ACEBROFILINA, CONCENTRAÇÃO:5 MG/ML, FORMA FARMACEUTICA:XAROPE",2022,27.4881,115154.97,103
231,"ACEBROFILINA, CONCENTRAÇÃO:5 MG/ML, FORMA FARMACEUTICA:XAROPE",2023,6.6852,1606006.58,33
231,"ACEBROFILINA, CONCENTRAÇÃO:5 MG/ML, FORMA FARMACEUTICA:XAROPE",2024,7.6815,1932136.2,36
231,"ACEBROFILINA, CONCENTRAÇÃO:5 MG/ML, FORMA FARMACEUTICA:XAROPE",2025,5.84,42216,3
242,"AMOXICILINA, PRINCÍPIO ATIVO:ASSOCIADA COM CLAVULANATO DE POTÁSSIO, CONCENTRAÇÃO:500MG + 125MG",2020,2.1977,26000.87,129
242,"AMOXICILINA, PRINCÍPIO ATIVO:ASSOCIADA COM CLAVULANATO DE POTÁSSIO, CONCENTRAÇÃO:500MG + 125MG",2021,0.8342,15194253.15,121
242,"AMOXICILINA, PRINCÍPIO ATIVO:ASSOCIADA COM CLAVULANATO DE POTÁSSIO, CONCENTRAÇÃO:500MG + 125MG",2022,2.9287,36588.01,99
242,"AMOXICILINA, PRINCÍPIO ATIVO:ASSOCIADA COM CLAVULANATO DE POTÁSSIO, CONCENTRAÇÃO:500MG + 125MG",2023,3.5086,38466486.16,43
242,"AMOXICILINA, PRINCÍPIO ATIVO:ASSOCIADA COM CLAVULANATO DE POTÁSSIO, CONCENTRAÇÃO:500MG + 125MG",2024,6.5401,24159704.41,58
242,"AMOXICILINA, PRINCÍPIO ATIVO:ASSOCIADA COM CLAVULANATO DE POTÁSSIO, CONCENTRAÇÃO:500MG + 125MG",2025,1.4833,99600,3
257,"ATENOLOL, DOSAGEM:50 MG",2020,0.6089,8112.52,183
257,"ATENOLOL, DOSAGEM:50 MG",2021,52.0036,1176731925.82,172
257,"ATENOLOL, DOSAGEM:50 MG",2022,1.1992,6694.56,154
257,"ATENOLOL, DOSAGEM:50 MG",2023,0.079,2972547.09,63
257,"ATENOLOL, DOSAGEM:50 MG",2024,0.1762,1603710.5,47
257,"ATENOLOL, DOSAGEM:50 MG",2025,0.045,20600,4
267,"AMOXICILINA, PRINCÍPIO ATIVO:ASSOCIADA COM CLAVULANATO DE POTÁSSIO, CONCENTRAÇÃO:50 MG/ML + 12,5 MG/ML, FORMA FARMACÊUTICA:SUSPENSÃO ORAL",2020,12.4679,245778.33,109
267,"AMOXICILINA, PRINCÍPIO ATIVO:ASSOCIADA COM CLAVULANATO DE POTÁSSIO, CONCENTRAÇÃO:50 MG/ML + 12,5 MG/ML, FORMA FARMACÊUTICA:SUSPENSÃO ORAL",2021,11.6232,16503247.48,108
267,"AMOXICILINA, PRINCÍPIO ATIVO:ASSOCIADA COM CLAVULANATO DE POTÁSSIO, CONCENTRAÇÃO:50 MG/ML + 12,5 MG/ML, FORMA FARMACÊUTICA:SUSPENSÃO ORAL",2022,15.4159,207920.59,83
267,"AMOXICILINA, PRINCÍPIO ATIVO:ASSOCIADA COM CLAVULANATO DE POTÁSSIO, CONCENTRAÇÃO:50 MG/ML + 12,5 MG/ML, FORMA FARMACÊUTICA:SUSPENSÃO ORAL",2023,1153.3109,148581357.95,34
267,"AMOXICILINA, PRINCÍPIO ATIVO:ASSOCIADA COM CLAVULANATO DE POTÁSSIO, CONCENTRAÇÃO:50 MG/ML + 12,5 MG/ML, FORMA FARMACÊUTICA:SUSPENSÃO ORAL",2024,20.1142,11255664.33,43
267,"AMOXICILINA, PRINCÍPIO ATIVO:ASSOCIADA COM CLAVULANATO DE POTÁSSIO, CONCENTRAÇÃO:50 MG/ML + 12,5 MG/ML, FORMA FARMACÊUTICA:SUSPENSÃO ORAL",2025,14.94,543042,4
293,"CLORETO DE SÓDIO, PRINCÍPIO ATIVO:0,9%_ SOLUÇÃO INJETÁVEL, APLICAÇÃO:SISTEMA FECHADO",2020,2.6204,55412,312
293,"CLORETO DE SÓDIO, PRINCÍPIO ATIVO:0,9%_ SOLUÇÃO INJETÁVEL, APLICAÇÃO:SISTEMA FECHADO",2021,3.496,21740954.32,372
293,"CLORETO DE SÓDIO, PRINCÍPIO ATIVO:0,9%_ SOLUÇÃO INJETÁVEL, APLICAÇÃO:SISTEMA FECHADO",2022,5.7327,98804.69,277
293,"CLORETO DE SÓDIO, PRINCÍPIO ATIVO:0,9%_ SOLUÇÃO INJETÁVEL, APLICAÇÃO:SISTEMA FECHADO",2023,5.6509,62179907.67,159
293,"CLORETO DE SÓDIO, PRINCÍPIO ATIVO:0,9%_ SOLUÇÃO INJETÁVEL, APLICAÇÃO:SISTEMA FECHADO",2024,4.3681,12428010.24,103
293,"CLORETO DE SÓDIO, PRINCÍPIO ATIVO:0,9%_ SOLUÇÃO INJETÁVEL, APLICAÇÃO:SISTEMA FECHADO",2025,3.7263,2257794.25,19
330,"BUDESONIDA, CONCENTRAÇÃO:50 MCG/DOSE, FORMA FARMACÊUTICA:SUSPENSÃO AQUOSA NASAL, CARACTERÍSTICA ADICIONAL:FRASCO COM VÁLVULA DOSIFICADORA",2020,20.94,87679.14,27
330,"BUDESONIDA, CONCENTRAÇÃO:50 MCG/DOSE, FORMA FARMACÊUTICA:SUSPENSÃO AQUOSA NASAL, CARACTERÍSTICA ADICIONAL:FRASCO COM VÁLVULA DOSIFICADORA",2021,21.8863,5482672.3,30
330,"BUDESONIDA, CONCENTRAÇÃO:50 MCG/DOSE, FORMA FARMACÊUTICA:SUSPENSÃO AQUOSA NASAL, CARACTERÍSTICA ADICIONAL:FRASCO COM VÁLVULA DOSIFICADORA",2022,22.0648,109316.76,31
330,"BUDESONIDA, CONCENTRAÇÃO:50 MCG/DOSE, FORMA FARMACÊUTICA:SUSPENSÃO AQUOSA NASAL, CARACTERÍSTICA ADICIONAL:FRASCO COM VÁLVULA DOSIFICADORA",2023,24.0464,4752453.6,18
330,"BUDESONIDA, CONCENTRAÇÃO:50 MCG/DOSE, FORMA FARMACÊUTICA:SUSPENSÃO AQUOSA NASAL, CARACTERÍSTICA ADICIONAL:FRASCO COM VÁLVULA DOSIFICADORA",2024,2416.3888,960337675.1,10
330,"BUDESONIDA, CONCENTRAÇÃO:50 MCG/DOSE, FORMA FARMACÊUTICA:SUSPENSÃO AQUOSA NASAL, CARACTERÍSTICA ADICIONAL:FRASCO COM VÁLVULA DOSIFICADORA",2025,26.48,91623,2
422,"SERINGA, MATERIAL:POLIPROPILENO, CAPACIDADE:3 ML, TIPO BICO:BICO CENTRAL LUER LOCK OU SLIP, TIPO VEDAÇÃO:ÊMBOLO DE BORRACHA, ADICIONAL:GRADUADA, NUMERADA, TIPO AGULHA:C/ AGULHA 25 G X 3/8"", COMPONENTE ADICIONAL:C/ SISTEMA SEGURANÇA SEGUNDO NR/32, ESTERILIDADE:ESTÉRIL, DESCARTÁVEL, APRESENTAÇÃO:EMBALAGEM INDIVIDUAL",2021,0.315,41300,2
422,"SERINGA, MATERIAL:POLIPROPILENO, CAPACIDADE:3 ML, TIPO BICO:BICO CENTRAL LUER LOCK OU SLIP, TIPO VEDAÇÃO:ÊMBOLO DE BORRACHA, ADICIONAL:GRADUADA, NUMERADA, TIPO AGULHA:C/ AGULHA 25 G X 3/8"", COMPONENTE ADICIONAL:C/ SISTEMA SEGURANÇA SEGUNDO NR/32, ESTERILIDADE:ESTÉRIL, DESCARTÁVEL, APRESENTAÇÃO:EMBALAGEM INDIVIDUAL",2022,0.335,8.9,2
422,"SERINGA, MATERIAL:POLIPROPILENO, CAPACIDADE:3 ML, TIPO BICO:BICO CENTRAL LUER LOCK OU SLIP, TIPO VEDAÇÃO:ÊMBOLO DE BORRACHA, ADICIONAL:GRADUADA, NUMERADA, TIPO AGULHA:C/ AGULHA 25 G X 3/8"", COMPONENTE ADICIONAL:C/ SISTEMA SEGURANÇA SEGUNDO NR/32, ESTERILIDADE:ESTÉRIL, DESCARTÁVEL, APRESENTAÇÃO:EMBALAGEM INDIVIDUAL",2023,0.29,5.8,1
422,"SERINGA, MATERIAL:POLIPROPILENO, CAPACIDADE:3 ML, TIPO BICO:BICO CENTRAL LUER LOCK OU SLIP, TIPO VEDAÇÃO:ÊMBOLO DE BORRACHA, ADICIONAL:GRADUADA, NUMERADA, TIPO AGULHA:C/ AGULHA 25 G X 3/8"", COMPONENTE ADICIONAL:C/ SISTEMA SEGURANÇA SEGUNDO NR/32, ESTERILIDADE:ESTÉRIL, DESCARTÁVEL, APRESENTAÇÃO:EMBALAGEM INDIVIDUAL",2025,70672.8,22702930272,1
480,"INSULINA, ORIGEM:GLARGINA, DOSAGEM:100UI/ML, APLICAÇÃO:INJETÁVEL",2020,94.3193,710589.99,58
480,"INSULINA, ORIGEM:GLARGINA, DOSAGEM:100UI/ML, APLICAÇÃO:INJETÁVEL",2021,80.674,10855117.41,34
480,"INSULINA, ORIGEM:GLARGINA, DOSAGEM:100UI/ML, APLICAÇÃO:INJETÁVEL",2022,79.7791,688042.85,55
480,"INSULINA, ORIGEM:GLARGINA, DOSAGEM:100UI/ML, APLICAÇÃO:INJETÁVEL",2023,63.7551,4048347.09,13
480,"INSULINA, ORIGEM:GLARGINA, DOSAGEM:100UI/ML, APLICAÇÃO:INJETÁVEL",2024,82.1585,4639226.16,15
480,"INSULINA, ORIGEM:GLARGINA, DOSAGEM:100UI/ML, APLICAÇÃO:INJETÁVEL",2025,24.1,17892804,1
483,"CLORETO DE SÓDIO, CONCENTRAÇAO:0,9 %, FORMA FARMACEUTICA:SOLUÇÃO INJETÁVEL, CARACTERISTICA ADICIONAL:SISTEMA FECHADO, CARACTERÍSTICAS ADICIONAIS 1:BOLSA/FRASCO ISENTO DE PVC",2020,4.1863,69035.21,144
483,"CLORETO DE SÓDIO, CONCENTRAÇAO:0,9 %, FORMA FARMACEUTICA:SOLUÇÃO INJETÁVEL, CARACTERISTICA ADICIONAL:SISTEMA FECHADO, CARACTERÍSTICAS ADICIONAIS 1:BOLSA/FRASCO ISENTO DE PVC",2021,2.9722,15079732.46,135
483,"CLORETO DE SÓDIO, CONCENTRAÇAO:0,9 %, FORMA FARMACEUTICA:SOLUÇÃO INJETÁVEL, CARACTERISTICA ADICIONAL:SISTEMA FECHADO, CARACTERÍSTICAS ADICIONAIS 1:BOLSA/FRASCO ISENTO DE PVC",2022,7.8826,96475.21,121
483,"CLORETO DE SÓDIO, CONCENTRAÇAO:0,9 %, FORMA FARMACEUTICA:SOLUÇÃO INJETÁVEL, CARACTERISTICA ADICIONAL:SISTEMA FECHADO, CARACTERÍSTICAS ADICIONAIS 1:BOLSA/FRASCO ISENTO DE PVC",2023,7.5251,15733505.98,88
483,"CLORETO DE SÓDIO, CONCENTRAÇAO:0,9 %, FORMA FARMACEUTICA:SOLUÇÃO INJETÁVEL, CARACTERISTICA ADICIONAL:SISTEMA FECHADO, CARACTERÍSTICAS ADICIONAIS 1:BOLSA/FRASCO ISENTO DE PVC",2024,6.4429,15799172.59,21
483,"CLORETO DE SÓDIO, CONCENTRAÇAO:0,9 %, FORMA FARMACEUTICA:SOLUÇÃO INJETÁVEL, CARACTERISTICA ADICIONAL:SISTEMA FECHADO, CARACTERÍSTICAS ADICIONAIS 1:BOLSA/FRASCO ISENTO DE PVC",2025,4.0617,124708.4,12
504,"LEVOFLOXACINO, DOSAGEM:500 MG",2020,1.2172,5364.14,91
504,"LEVOFLOXACINO, DOSAGEM:500 MG",2021,2.1521,92625172.44,81
504,"LEVOFLOXACINO, DOSAGEM:500 MG",2022,8.125,16679.98,96
504,"LEVOFLOXACINO, DOSAGEM:500 MG",2023,2.4826,1455682.56,30
504,"LEVOFLOXACINO, DOSAGEM:500 MG",2024,2.5928,808176.32,22
504,"LEVOFLOXACINO, DOSAGEM:500 MG",2025,0.7845,98444.68,4
513,"PROPOFOL, DOSAGEM:10 MG/ML, FORMA FARMACÊUTICA:EMULSÃO INJETÁVEL",2020,26.7744,163043.68,34
513,"PROPOFOL, DOSAGEM:10 MG/ML, FORMA FARMACÊUTICA:EMULSÃO INJETÁVEL",2021,35.2507,36907335.12,60
513,"PROPOFOL, DOSAGEM:10 MG/ML, FORMA FARMACÊUTICA:EMULSÃO INJETÁVEL",2022,21.8891,144055.21,58
513,"PROPOFOL, DOSAGEM:10 MG/ML, FORMA FARMACÊUTICA:EMULSÃO INJETÁVEL",2023,14.6726,5064342.14,37
513,"PROPOFOL, DOSAGEM:10 MG/ML, FORMA FARMACÊUTICA:EMULSÃO INJETÁVEL",2024,12.0773,835720.32,22
513,"PROPOFOL, DOSAGEM:10 MG/ML, FORMA FARMACÊUTICA:EMULSÃO INJETÁVEL",2025,17.92,3584,1
586,"ENOXAPARINA, CONCENTRAÇÃO:100 MG/ML, FORMA FARMACEUTICA:SOLUÇÃO INJETÁVEL, CARACTERÍSTICAS ADICIONAIS 1:SERINGA PREENCHIDA",2020,33.7037,992461.31,216
586,"ENOXAPARINA, CONCENTRAÇÃO:100 MG/ML, FORMA FARMACEUTICA:SOLUÇÃO INJETÁVEL, CARACTERÍSTICAS ADICIONAIS 1:SERINGA PREENCHIDA",2021,80.4233,232874353.93,247
586,"ENOXAPARINA, CONCENTRAÇÃO:100 MG/ML, FORMA FARMACEUTICA:SOLUÇÃO INJETÁVEL, CARACTERÍSTICAS ADICIONAIS 1:SERINGA PREENCHIDA",2022,39.5204,1762496.2,264
586,"ENOXAPARINA, CONCENTRAÇÃO:100 MG/ML, FORMA FARMACEUTICA:SOLUÇÃO INJETÁVEL, CARACTERÍSTICAS ADICIONAIS 1:SERINGA PREENCHIDA",2023,25.1083,29486565.39,102
586,"ENOXAPARINA, CONCENTRAÇÃO:100 MG/ML, FORMA FARMACEUTICA:SOLUÇÃO INJETÁVEL, CARACTERÍSTICAS ADICIONAIS 1:SERINGA PREENCHIDA",2024,19.0648,13367997.54,69
586,"ENOXAPARINA, CONCENTRAÇÃO:100 MG/ML, FORMA FARMACEUTICA:SOLUÇÃO INJETÁVEL, CARACTERÍSTICAS ADICIONAIS 1:SERINGA PREENCHIDA",2025,12.62,6310,1
600,"AMBROXOL, COMPOSIÇÃO:SAL CLORIDRATO, CONCENTRAÇÃO:3 MG/ML, FORMA FARMACÊUTICA:XAROPE",2020,4.8138,54620.3,145
600,"AMBROXOL, COMPOSIÇÃO:SAL CLORIDRATO, CONCENTRAÇÃO:3 MG/ML, FORMA FARMACÊUTICA:XAROPE",2021,2.7279,41157431.77,148
600,"AMBROXOL, COMPOSIÇÃO:SAL CLORIDRATO, CONCENTRAÇÃO:3 MG/ML, FORMA FARMACÊUTICA:XAROPE",2022,7.011,67154.14,120
600,"AMBROXOL, COMPOSIÇÃO:SAL CLORIDRATO, CONCENTRAÇÃO:3 MG/ML, FORMA FARMACÊUTICA:XAROPE",2023,4.5904,2912196.08,53
600,"AMBROXOL, COMPOSIÇÃO:SAL CLORIDRATO, CONCENTRAÇÃO:3 MG/ML, FORMA FARMACÊUTICA:XAROPE",2024,2.9817,1070002.95,52
600,"AMBROXOL, COMPOSIÇÃO:SAL CLORIDRATO, CONCENTRAÇÃO:3 MG/ML, FORMA FARMACÊUTICA:XAROPE",2025,2.27,13955,2
605,"VALSARTANA, COMPOSIÇÃO:ASSOCIADO AO SACUBITRIL, CONCENTRAÇÃO:26 MG + 24 MG",2020,28.904,16416.15,33
605,"VALSARTANA, COMPOSIÇÃO:ASSOCIADO AO SACUBITRIL, CONCENTRAÇÃO:26 MG + 24 MG",2021,13.6375,3428640.01,28
605,"VALSARTANA, COMPOSIÇÃO:ASSOCIADO AO SACUBITRIL, CONCENTRAÇÃO:26 MG + 24 MG",2022,13.1318,38424.17,39
605,"VALSARTANA, COMPOSIÇÃO:ASSOCIADO AO SACUBITRIL, CONCENTRAÇÃO:26 MG + 24 MG",2023,4.367,3273591.74,10
605,"VALSARTANA, COMPOSIÇÃO:ASSOCIADO AO SACUBITRIL, CONCENTRAÇÃO:26 MG + 24 MG",2024,4.1581,32276514.37,15
605,"VALSARTANA, COMPOSIÇÃO:ASSOCIADO AO SACUBITRIL, CONCENTRAÇÃO:26 MG + 24 MG",2025,3.23,6963.88,1
638,"VALSARTANA, COMPOSIÇÃO:ASSOCIADO AO SACUBITRIL, CONCENTRAÇÃO:51 MG + 49 MG",2020,36.2897,20811.9,24
638,"VALSARTANA, COMPOSIÇÃO:ASSOCIADO AO SACUBITRIL, CONCENTRAÇÃO:51 MG + 49 MG",2021,13.2926,8702857.78,23
638,"VALSARTANA, COMPOSIÇÃO:ASSOCIADO AO SACUBITRIL, CONCENTRAÇÃO:51 MG + 49 MG",2022,29.9275,69230.39,32
638,"VALSARTANA, COMPOSIÇÃO:ASSOCIADO AO SACUBITRIL, CONCENTRAÇÃO:51 MG + 49 MG",2023,34.87,1680658.12,9
638,"VALSARTANA, COMPOSIÇÃO:ASSOCIADO AO SACUBITRIL, CONCENTRAÇÃO:51 MG + 49 MG",2024,16.5806,37048605.42,20
638,"VALSARTANA, COMPOSIÇÃO:ASSOCIADO AO SACUBITRIL, CONCENTRAÇÃO:51 MG + 49 MG",2025,3.23,6007.8,1
645,"HIDROCORTISONA, COMPOSIÇÃO:SAL ACETATO, CONCENTRAÇÃO:10 MG/G, FORMA FARMACÊUTICA:CREME",2020,7.0257,27747.49,22
645,"HIDROCORTISONA, COMPOSIÇÃO:SAL ACETATO, CONCENTRAÇÃO:10 MG/G, FORMA FARMACÊUTICA:CREME",2021,7.577,1924242.78,24
645,"HIDROCORTISONA, COMPOSIÇÃO:SAL ACETATO, CONCENTRAÇÃO:10 MG/G, FORMA FARMACÊUTICA:CREME",2022,3851.8188,57683229.38,25
645,"HIDROCORTISONA, COMPOSIÇÃO:SAL ACETATO, CONCENTRAÇÃO:10 MG/G, FORMA FARMACÊUTICA:CREME",2023,9.2709,556399.5,22
645,"HIDROCORTISONA, COMPOSIÇÃO:SAL ACETATO, CONCENTRAÇÃO:10 MG/G, FORMA FARMACÊUTICA:CREME",2024,7.9455,404214.95,11
645,"HIDROCORTISONA, COMPOSIÇÃO:SAL ACETATO, CONCENTRAÇÃO:10 MG/G, FORMA FARMACÊUTICA:CREME",2025,7.785,18951,2
652,"AMBROXOL, COMPOSIÇÃO:SAL CLORIDRATO, CONCENTRAÇÃO:6 MG/ML, FORMA FARMACÊUTICA:XAROPE",2020,15.2556,407722.07,139
652,"AMBROXOL, COMPOSIÇÃO:SAL CLORIDRATO, CONCENTRAÇÃO:6 MG/ML, FORMA FARMACÊUTICA:XAROPE",2021,3.0837,43825596.74,130
652,"AMBROXOL, COMPOSIÇÃO:SAL CLORIDRATO, CONCENTRAÇÃO:6 MG/ML, FORMA FARMACÊUTICA:XAROPE",2022,3.7449,85138.46,102
652,"AMBROXOL, COMPOSIÇÃO:SAL CLORIDRATO, CONCENTRAÇÃO:6 MG/ML, FORMA FARMACÊUTICA:XAROPE",2023,5.0945,4001579.11,52
652,"AMBROXOL, COMPOSIÇÃO:SAL CLORIDRATO, CONCENTRAÇÃO:6 MG/ML, FORMA FARMACÊUTICA:XAROPE",2024,3.1155,1332156.46,33
652,"AMBROXOL, COMPOSIÇÃO:SAL CLORIDRATO, CONCENTRAÇÃO:6 MG/ML, FORMA FARMACÊUTICA:XAROPE",2025,2.455,13820,2
682,"NIFEDIPINO, DOSAGEM:20 MG",2020,2.8215,6956.02,122
682,"NIFEDIPINO, DOSAGEM:20 MG",2021,2.4607,239447439.13,113
682,"NIFEDIPINO, DOSAGEM:20 MG",2022,2.6688,10017.59,104
682,"NIFEDIPINO, DOSAGEM:20 MG",2023,0.2015,753417.92,39
682,"NIFEDIPINO, DOSAGEM:20 MG",2024,0.4284,241584.5,29
682,"NIFEDIPINO, DOSAGEM:20 MG",2025,0.09,4800,2
685,"ANLODIPINO BESILATO, DOSAGEM:10 MG",2020,4.2121,10114.3,105
685,"ANLODIPINO BESILATO, DOSAGEM:10 MG",2021,2.259,97368072.89,99
685,"ANLODIPINO BESILATO, DOSAGEM:10 MG",2022,2.2053,9254.24,96
685,"ANLODIPINO BESILATO, DOSAGEM:10 MG",2023,0.0869,1238397.67,41
685,"ANLODIPINO BESILATO, DOSAGEM:10 MG",2024,0.3371,616181.4,29
685,"ANLODIPINO BESILATO, DOSAGEM:10 MG",2025,0.0833,13400,3
691,"METOPROLOL, PRINCÍPIO ATIVO:SAL SUCCINATO, DOSAGEM:25 MG, APRESENTAÇÃO:LIBERAÇÃO CONTROLADA",2020,0.9442,6293.88,91
691,"METOPROLOL, PRINCÍPIO ATIVO:SAL SUCCINATO, DOSAGEM:25 MG, APRESENTAÇÃO:LIBERAÇÃO CONTROLADA",2021,1.1672,167621882.69,85
691,"METOPROLOL, PRINCÍPIO ATIVO:SAL SUCCINATO, DOSAGEM:25 MG, APRESENTAÇÃO:LIBERAÇÃO CONTROLADA",2022,0.5154,7458.86,78
691,"METOPROLOL, PRINCÍPIO ATIVO:SAL SUCCINATO, DOSAGEM:25 MG, APRESENTAÇÃO:LIBERAÇÃO CONTROLADA",2023,0.3621,1622088.42,24
691,"METOPROLOL, PRINCÍPIO ATIVO:SAL SUCCINATO, DOSAGEM:25 MG, APRESENTAÇÃO:LIBERAÇÃO CONTROLADA",2024,1.9352,409548,29
691,"METOPROLOL, PRINCÍPIO ATIVO:SAL SUCCINATO, DOSAGEM:25 MG, APRESENTAÇÃO:LIBERAÇÃO CONTROLADA",2025,0.36,19200,2
722,"TIOTRÓPIO BROMETO, COMPOSIÇÃO:SAL BROMETO, CONCENTRAÇÃO:2,5 MCG/DOSE, FORMA FARMACÊUTICA:SOLUÇÃO P/ INALAÇÃO, CARACTERÍSTICA ADICIONAL:COM INALADOR",2020,261.2714,763695.83,47
722,"TIOTRÓPIO BROMETO, COMPOSIÇÃO:SAL BROMETO, CONCENTRAÇÃO:2,5 MCG/DOSE, FORMA FARMACÊUTICA:SOLUÇÃO P/ INALAÇÃO, CARACTERÍSTICA ADICIONAL:COM INALADOR",2021,252.0854,173320985.95,37
722,"TIOTRÓPIO BROMETO, COMPOSIÇÃO:SAL BROMETO, CONCENTRAÇÃO:2,5 MCG/DOSE, FORMA FARMACÊUTICA:SOLUÇÃO P/ INALAÇÃO, CARACTERÍSTICA ADICIONAL:COM INALADOR",2022,262.346,563676.82,30
722,"TIOTRÓPIO BROMETO, COMPOSIÇÃO:SAL BROMETO, CONCENTRAÇÃO:2,5 MCG/DOSE, FORMA FARMACÊUTICA:SOLUÇÃO P/ INALAÇÃO, CARACTERÍSTICA ADICIONAL:COM INALADOR",2023,258.7043,29237645.13,12
722,"TIOTRÓPIO BROMETO, COMPOSIÇÃO:SAL BROMETO, CONCENTRAÇÃO:2,5 MCG/DOSE, FORMA FARMACÊUTICA:SOLUÇÃO P/ INALAÇÃO, CARACTERÍSTICA ADICIONAL:COM INALADOR",2024,300.37,1782494.12,8
722,"TIOTRÓPIO BROMETO, COMPOSIÇÃO:SAL BROMETO, CONCENTRAÇÃO:2,5 MCG/DOSE, FORMA FARMACÊUTICA:SOLUÇÃO P/ INALAÇÃO, CARACTERÍSTICA ADICIONAL:COM INALADOR",2025,292.14,6057815.04,1
802,"BRENTUXIMABE VEDOTINA, CONCENTRAÇÃO:50 MG, FORMA FARMACÊUTICA:PÓ LIÓFILO P/ INJETÁVEL",2020,13894,55134,2
802,"BRENTUXIMABE VEDOTINA, CONCENTRAÇÃO:50 MG, FORMA FARMACÊUTICA:PÓ LIÓFILO P/ INJETÁVEL",2021,13765.06,4825705.6,2
802,"BRENTUXIMABE VEDOTINA, CONCENTRAÇÃO:50 MG, FORMA FARMACÊUTICA:PÓ LIÓFILO P/ INJETÁVEL",2022,15448.5,6249068,4
802,"BRENTUXIMABE VEDOTINA, CONCENTRAÇÃO:50 MG, FORMA FARMACÊUTICA:PÓ LIÓFILO P/ INJETÁVEL",2023,14642.475,2481286,2
802,"BRENTUXIMABE VEDOTINA, CONCENTRAÇÃO:50 MG, FORMA FARMACÊUTICA:PÓ LIÓFILO P/ INJETÁVEL",2024,14135.515,83869714.46,4
802,"BRENTUXIMABE VEDOTINA, CONCENTRAÇÃO:50 MG, FORMA FARMACÊUTICA:PÓ LIÓFILO P/ INJETÁVEL",2025,14454.87,231277.92,1
811,"TRASTUZUMABE, COMPOSIÇÃO:DERUXTECANA, CONCENTRAÇÃO:100 MG, FORMA FARMACÊUTICA:PÓ LIOFILO INJETÁVEL",2022,12345,1975200,1
811,"TRASTUZUMABE, COMPOSIÇÃO:DERUXTECANA, CONCENTRAÇÃO:100 MG, FORMA FARMACÊUTICA:PÓ LIOFILO INJETÁVEL",2023,12343.02,222174.36,2
811,"TRASTUZUMABE, COMPOSIÇÃO:DERUXTECANA, CONCENTRAÇÃO:100 MG, FORMA FARMACÊUTICA:PÓ LIOFILO INJETÁVEL",2024,13549.311,11460190.66,10
811,"TRASTUZUMABE, COMPOSIÇÃO:DERUXTECANA, CONCENTRAÇÃO:100 MG, FORMA FARMACÊUTICA:PÓ LIOFILO INJETÁVEL",2025,13914.41,54099226.08,1
825,"TAFAMIDIS, CONCENTRAÇÃO:20 MG",2020,619.907,2231.67,1
825,"TAFAMIDIS, CONCENTRAÇÃO:20 MG",2021,650.07,2340252,1
825,"TAFAMIDIS, CONCENTRAÇÃO:20 MG",2022,725.93,524158.18,4
825,"TAFAMIDIS, CONCENTRAÇÃO:20 MG",2024,6359.49,25254088.2,4
825,"TAFAMIDIS, CONCENTRAÇÃO:20 MG",2025,733.89,17213743.2,2
849,"DAPAGLIFLOZINA, CONCENTRAÇÃO:10 MG",2020,16.6865,41226.75,44
849,"DAPAGLIFLOZINA, CONCENTRAÇÃO:10 MG",2021,9.6006,17828696.84,54
849,"DAPAGLIFLOZINA, CONCENTRAÇÃO:10 MG",2022,6.1574,27784.75,53
849,"DAPAGLIFLOZINA, CONCENTRAÇÃO:10 MG",2023,3.7195,6780823.45,15
849,"DAPAGLIFLOZINA, CONCENTRAÇÃO:10 MG",2024,10.9369,99491488.39,21
849,"DAPAGLIFLOZINA, CONCENTRAÇÃO:10 MG",2025,2.21,23271.3,2
853,"ONDANSETRONA CLORIDRATO, DOSAGEM:4 MG",2020,1.9127,3566.01,32
853,"ONDANSETRONA CLORIDRATO, DOSAGEM:4 MG",2021,73.627,2117531834.65,39
853,"ONDANSETRONA CLORIDRATO, DOSAGEM:4 MG",2022,1.1892,6328.36,38
853,"ONDANSETRONA CLORIDRATO, DOSAGEM:4 MG",2023,1.16,208400.54,19
853,"ONDANSETRONA CLORIDRATO, DOSAGEM:4 MG",2024,89.302,94295,5
853,"ONDANSETRONA CLORIDRATO, DOSAGEM:4 MG",2025,0.43,1075,1
856,"TEZEPELUMABE, CONCENTRAÇÃO:110 MG/ML, FORMA FARMACÊUTICA:SOLUÇÃO INJETÁVEL, CARACTERÍSTICAS ADICIONAIS:SERINGA PREENCHIDA",2024,1644507.122,1663165255.85,5
856,"TEZEPELUMABE, CONCENTRAÇÃO:110 MG/ML, FORMA FARMACÊUTICA:SOLUÇÃO INJETÁVEL, CARACTERÍSTICAS ADICIONAIS:SERINGA PREENCHIDA",2025,7897.36,2084903.04,1
868,"NINTEDANIBE, COMPOSIÇÃO:SAL ESILATO, CONCENTRAÇÃO:150 MG",2020,225.0725,206599.19,4
868,"NINTEDANIBE, COMPOSIÇÃO:SAL ESILATO, CONCENTRAÇÃO:150 MG",2021,428,6534209.4,7
868,"NINTEDANIBE, COMPOSIÇÃO:SAL ESILATO, CONCENTRAÇÃO:150 MG",2022,1266.6586,1124696.3,14
868,"NINTEDANIBE, COMPOSIÇÃO:SAL ESILATO, CONCENTRAÇÃO:150 MG",2023,222.6153,5925427.85,6
868,"NINTEDANIBE, COMPOSIÇÃO:SAL ESILATO, CONCENTRAÇÃO:150 MG",2024,201.6715,91958797.32,20
868,"NINTEDANIBE, COMPOSIÇÃO:SAL ESILATO, CONCENTRAÇÃO:150 MG",2025,234.43,8439480,1
906,"DIETA INFANTIL, ASPECTO FÍSICO:PÓ, USO:ENTERAL OU ORAL, FONTE DE PROTEÍNA:À BASE DE AA'S, FONTE DE CARBOIDRATO:MALTODEXTRINA, FONTE DE LIPÍDIOS:ÓLEOS VEGETAIS, COMPONENTES ADICIONAIS:VITAMINAS E MINERAIS, CARACTERÍSTICAS ADICIONAIS:ISENTO GLÚTEN,LACT.,SACAR.,FRUTOSE E GALACTOSE",2020,111.019,187708.72,15
906,"DIETA INFANTIL, ASPECTO FÍSICO:PÓ, USO:ENTERAL OU ORAL, FONTE DE PROTEÍNA:À BASE DE AA'S, FONTE DE CARBOIDRATO:MALTODEXTRINA, FONTE DE LIPÍDIOS:ÓLEOS VEGETAIS, COMPONENTES ADICIONAIS:VITAMINAS E MINERAIS, CARACTERÍSTICAS ADICIONAIS:ISENTO GLÚTEN,LACT.,SACAR.,FRUTOSE E GALACTOSE",2021,27.2624,1857784.5,7
906,"DIETA INFANTIL, ASPECTO FÍSICO:PÓ, USO:ENTERAL OU ORAL, FONTE DE PROTEÍNA:À BASE DE AA'S, FONTE DE CARBOIDRATO:MALTODEXTRINA, FONTE DE LIPÍDIOS:ÓLEOS VEGETAIS, COMPONENTES ADICIONAIS:VITAMINAS E MINERAIS, CARACTERÍSTICAS ADICIONAIS:ISENTO GLÚTEN,LACT.,SACAR.,FRUTOSE E GALACTOSE",2022,36.4692,26315.23,13
906,"DIETA INFANTIL, ASPECTO FÍSICO:PÓ, USO:ENTERAL OU ORAL, FONTE DE PROTEÍNA:À BASE DE AA'S, FONTE DE CARBOIDRATO:MALTODEXTRINA, FONTE DE LIPÍDIOS:ÓLEOS VEGETAIS, COMPONENTES ADICIONAIS:VITAMINAS E MINERAIS, CARACTERÍSTICAS ADICIONAIS:ISENTO GLÚTEN,LACT.,SACAR.,FRUTOSE E GALACTOSE",2023,87.7467,27233350.92,7
906,"DIETA INFANTIL, ASPECTO FÍSICO:PÓ, USO:ENTERAL OU ORAL, FONTE DE PROTEÍNA:À BASE DE AA'S, FONTE DE CARBOIDRATO:MALTODEXTRINA, FONTE DE LIPÍDIOS:ÓLEOS VEGETAIS, COMPONENTES ADICIONAIS:VITAMINAS E MINERAIS, CARACTERÍSTICAS ADICIONAIS:ISENTO GLÚTEN,LACT.,SACAR.,FRUTOSE E GALACTOSE",2024,151.2191,62599776.52,8
906,"DIETA INFANTIL, ASPECTO FÍSICO:PÓ, USO:ENTERAL OU ORAL, FONTE DE PROTEÍNA:À BASE DE AA'S, FONTE DE CARBOIDRATO:MALTODEXTRINA, FONTE DE LIPÍDIOS:ÓLEOS VEGETAIS, COMPONENTES ADICIONAIS:VITAMINAS E MINERAIS, CARACTERÍSTICAS ADICIONAIS:ISENTO GLÚTEN,LACT.,SACAR.,FRUTOSE E GALACTOSE",2025,0.415,298800,1
929,"CANAQUINUMABE, CONCENTRAÇÃO:150 MG, FORMA FARMACÊUTICA:PÓ LIÓFILO P/ INJETÁVEL",2021,41958.76,5035051.2,1
929,"CANAQUINUMABE, CONCENTRAÇÃO:150 MG, FORMA FARMACÊUTICA:PÓ LIÓFILO P/ INJETÁVEL",2022,43441.8571,12630332.2,7
929,"CANAQUINUMABE, CONCENTRAÇÃO:150 MG, FORMA FARMACÊUTICA:PÓ LIÓFILO P/ INJETÁVEL",2023,50195.44,14482201.09,2
929,"CANAQUINUMABE, CONCENTRAÇÃO:150 MG, FORMA FARMACÊUTICA:PÓ LIÓFILO P/ INJETÁVEL",2024,52451.51,10070689.92,1
929,"CANAQUINUMABE, CONCENTRAÇÃO:150 MG, FORMA FARMACÊUTICA:PÓ LIÓFILO P/ INJETÁVEL",2025,53216.37,3033333.09,1
930,"FORMOTEROL FUMARATO, COMPOSIÇÃO:ASSOCIADO COM BUDESONIDA, CONCENTRAÇÃO:12 MCG + 400MCG/DOSE, FORMA FARMACÊUTICA:CÁPSULA PÓ INALANTE, CARACTERÍSTICAS ADICIONAIS:COM FRASCO INALADOR",2020,63.3659,101551.83,18
930,"FORMOTEROL FUMARATO, COMPOSIÇÃO:ASSOCIADO COM BUDESONIDA, CONCENTRAÇÃO:12 MCG + 400MCG/DOSE, FORMA FARMACÊUTICA:CÁPSULA PÓ INALANTE, CARACTERÍSTICAS ADICIONAIS:COM FRASCO INALADOR",2021,38.27,34051491.27,19
930,"FORMOTEROL FUMARATO, COMPOSIÇÃO:ASSOCIADO COM BUDESONIDA, CONCENTRAÇÃO:12 MCG + 400MCG/DOSE, FORMA FARMACÊUTICA:CÁPSULA PÓ INALANTE, CARACTERÍSTICAS ADICIONAIS:COM FRASCO INALADOR",2022,37.7706,88737.62,16
930,"FORMOTEROL FUMARATO, COMPOSIÇÃO:ASSOCIADO COM BUDESONIDA, CONCENTRAÇÃO:12 MCG + 400MCG/DOSE, FORMA FARMACÊUTICA:CÁPSULA PÓ INALANTE, CARACTERÍSTICAS ADICIONAIS:COM FRASCO INALADOR",2023,63.8373,8799813.58,6
930,"FORMOTEROL FUMARATO, COMPOSIÇÃO:ASSOCIADO COM BUDESONIDA, CONCENTRAÇÃO:12 MCG + 400MCG/DOSE, FORMA FARMACÊUTICA:CÁPSULA PÓ INALANTE, CARACTERÍSTICAS ADICIONAIS:COM FRASCO INALADOR",2024,15.9184,5316730.34,5
930,"FORMOTEROL FUMARATO, COMPOSIÇÃO:ASSOCIADO COM BUDESONIDA, CONCENTRAÇÃO:12 MCG + 400MCG/DOSE, FORMA FARMACÊUTICA:CÁPSULA PÓ INALANTE, CARACTERÍSTICAS ADICIONAIS:COM FRASCO INALADOR",2025,83.93,44902.55,1
940,"ABEMACICLIBE, CONCENTRAÇÃO:150 MG",2021,240.1655,2397931.06,5
940,"ABEMACICLIBE, CONCENTRAÇÃO:150 MG",2022,226.58,630743.62,8
940,"ABEMACICLIBE, CONCENTRAÇÃO:150 MG",2024,2803.982,11967591.8,5
940,"ABEMACICLIBE, CONCENTRAÇÃO:150 MG",2025,144.785,23229887.76,2
1143,"CETUXIMABE, CONCENTRAÇAO:5 MG/ML, FORMA FARMACEUTICA:SOLUÇÃO INJETÁVEL",2020,1323.145,88567.66,4
1143,"CETUXIMABE, CONCENTRAÇAO:5 MG/ML, FORMA FARMACEUTICA:SOLUÇÃO INJETÁVEL",2021,1265.585,36574623.12,4
1143,"CETUXIMABE, CONCENTRAÇAO:5 MG/ML, FORMA FARMACEUTICA:SOLUÇÃO INJETÁVEL",2022,791.82,130555.38,4
1143,"CETUXIMABE, CONCENTRAÇAO:5 MG/ML, FORMA FARMACEUTICA:SOLUÇÃO INJETÁVEL",2023,2770.4533,8680187.38,3
1143,"CETUXIMABE, CONCENTRAÇAO:5 MG/ML, FORMA FARMACEUTICA:SOLUÇÃO INJETÁVEL",2025,4065.58,617968.16,1
1144,"DUPILUMABE, CONCENTRAÇÃO:150 MG/ML, FORMA FARMACÊUTICA:SOLUÇÃO INJETÁVEL, ADICIONAL:SERINGA PREENCHIDA",2020,3557.48,979088,5
1144,"DUPILUMABE, CONCENTRAÇÃO:150 MG/ML, FORMA FARMACÊUTICA:SOLUÇÃO INJETÁVEL, ADICIONAL:SERINGA PREENCHIDA",2021,4043.0388,3556123.98,8
1144,"DUPILUMABE, CONCENTRAÇÃO:150 MG/ML, FORMA FARMACÊUTICA:SOLUÇÃO INJETÁVEL, ADICIONAL:SERINGA PREENCHIDA",2022,3885.0778,3238476.21,18
1144,"DUPILUMABE, CONCENTRAÇÃO:150 MG/ML, FORMA FARMACÊUTICA:SOLUÇÃO INJETÁVEL, ADICIONAL:SERINGA PREENCHIDA",2023,4064.5406,50124970.98,8
1144,"DUPILUMABE, CONCENTRAÇÃO:150 MG/ML, FORMA FARMACÊUTICA:SOLUÇÃO INJETÁVEL, ADICIONAL:SERINGA PREENCHIDA",2024,4364.52,49400876.45,16
1144,"DUPILUMABE, CONCENTRAÇÃO:150 MG/ML, FORMA FARMACÊUTICA:SOLUÇÃO INJETÁVEL, ADICIONAL:SERINGA PREENCHIDA",2025,4006.26,5608764,1
1145,"ROSUVASTATINA, COMPOSIÇÃO:CÁLCICA, CONCENTRAÇÃO:10 MG",2020,1.678,15487.37,70
1145,"ROSUVASTATINA, COMPOSIÇÃO:CÁLCICA, CONCENTRAÇÃO:10 MG",2021,3.1554,43411333.77,66
1145,"ROSUVASTATINA, COMPOSIÇÃO:CÁLCICA, CONCENTRAÇÃO:10 MG",2022,2.3758,18039.81,66
1145,"ROSUVASTATINA, COMPOSIÇÃO:CÁLCICA, CONCENTRAÇÃO:10 MG",2023,0.8242,354333.95,17
1145,"ROSUVASTATINA, COMPOSIÇÃO:CÁLCICA, CONCENTRAÇÃO:10 MG",2024,2.3773,121793.17,25
1145,"ROSUVASTATINA, COMPOSIÇÃO:CÁLCICA, CONCENTRAÇÃO:10 MG",2025,0.1547,316.8,3
1146,"OCRELIZUMABE, CONCENTRAÇÃO:30 MG/ML, FORMA FARMACÊUTICA:SOLUÇÃO P/ INFUSÃO",2020,24961.75,2422110,8
1146,"OCRELIZUMABE, CONCENTRAÇÃO:30 MG/ML, FORMA FARMACÊUTICA:SOLUÇÃO P/ INFUSÃO",2021,27717.818,20134701.08,10
1146,"OCRELIZUMABE, CONCENTRAÇÃO:30 MG/ML, FORMA FARMACÊUTICA:SOLUÇÃO P/ INFUSÃO",2022,31877.3333,10345272,3
1146,"OCRELIZUMABE, CONCENTRAÇÃO:30 MG/ML, FORMA FARMACÊUTICA:SOLUÇÃO P/ INFUSÃO",2023,32430.07,24646853.2,1
1146,"OCRELIZUMABE, CONCENTRAÇÃO:30 MG/ML, FORMA FARMACÊUTICA:SOLUÇÃO P/ INFUSÃO",2024,32758.07,3186391.9,5
1146,"OCRELIZUMABE, CONCENTRAÇÃO:30 MG/ML, FORMA FARMACÊUTICA:SOLUÇÃO P/ INFUSÃO",2025,34630.67,22856242.2,1
1192,"INOTERSENA, COMPOSIÇÃO:NONADECASSÓDICA, CONCENTRAÇÃO:200 MG/ML, FORMA FARMACÊUTICA:SOLUÇÃO INJETÁVEL, CARACTERÍSTICAS ADICIONAIS:SERINGA PREENCHIDA",2022,40836,3593568,2
1192,"INOTERSENA, COMPOSIÇÃO:NONADECASSÓDICA, CONCENTRAÇÃO:200 MG/ML, FORMA FARMACÊUTICA:SOLUÇÃO INJETÁVEL, CARACTERÍSTICAS ADICIONAIS:SERINGA PREENCHIDA",2023,40836.61,980078.64,1
1192,"INOTERSENA, COMPOSIÇÃO:NONADECASSÓDICA, CONCENTRAÇÃO:200 MG/ML, FORMA FARMACÊUTICA:SOLUÇÃO INJETÁVEL, CARACTERÍSTICAS ADICIONAIS:SERINGA PREENCHIDA",2024,45064,1081536,1
1192,"INOTERSENA, COMPOSIÇÃO:NONADECASSÓDICA, CONCENTRAÇÃO:200 MG/ML, FORMA FARMACÊUTICA:SOLUÇÃO INJETÁVEL, CARACTERÍSTICAS ADICIONAIS:SERINGA PREENCHIDA",2025,46706.78,65389492,1
1454,"HIDROCORTISONA, COMPOSIÇÃO:SAL ACETATO, CONCENTRAÇÃO:500 MG, FORMA FARMACÊUTICA:PÓ LIÓFILO P/ INJETÁVEL",2020,5.969,50882.41,44
1454,"HIDROCORTISONA, COMPOSIÇÃO:SAL ACETATO, CONCENTRAÇÃO:500 MG, FORMA FARMACÊUTICA:PÓ LIÓFILO P/ INJETÁVEL",2021,158.5737,89196639.1,31
1454,"HIDROCORTISONA, COMPOSIÇÃO:SAL ACETATO, CONCENTRAÇÃO:500 MG, FORMA FARMACÊUTICA:PÓ LIÓFILO P/ INJETÁVEL",2022,5.1639,22863.95,23
1454,"HIDROCORTISONA, COMPOSIÇÃO:SAL ACETATO, CONCENTRAÇÃO:500 MG, FORMA FARMACÊUTICA:PÓ LIÓFILO P/ INJETÁVEL",2023,6.5462,194610.6,9
1454,"HIDROCORTISONA, COMPOSIÇÃO:SAL ACETATO, CONCENTRAÇÃO:500 MG, FORMA FARMACÊUTICA:PÓ LIÓFILO P/ INJETÁVEL",2024,4.8346,22629.81,4
1482,"LAMOTRIGINA, DOSAGEM:100 MG",2020,4.3101,14208.54,44
1482,"LAMOTRIGINA, DOSAGEM:100 MG",2021,0.8972,1203006.94,44
1482,"LAMOTRIGINA, DOSAGEM:100 MG",2022,0.9083,11826.58,47
1482,"LAMOTRIGINA, DOSAGEM:100 MG",2023,106.5915,2160916126.36,19
1482,"LAMOTRIGINA, DOSAGEM:100 MG",2024,0.3203,17884.42,10
1540,"BETA-AGALSIDASE, CONCENTRAÇÃO:35 MG, FORMA FARMACÊUTICA:PÓ LIÓFILO P/ INJETÁVEL",2020,11514.5,1582732,2
1540,"BETA-AGALSIDASE, CONCENTRAÇÃO:35 MG, FORMA FARMACÊUTICA:PÓ LIÓFILO P/ INJETÁVEL",2021,11810.695,2448639.07,2
1540,"BETA-AGALSIDASE, CONCENTRAÇÃO:35 MG, FORMA FARMACÊUTICA:PÓ LIÓFILO P/ INJETÁVEL",2022,8927.385,17220162.48,8
1540,"BETA-AGALSIDASE, CONCENTRAÇÃO:35 MG, FORMA FARMACÊUTICA:PÓ LIÓFILO P/ INJETÁVEL",2023,11959.54,7893296.4,1
1540,"BETA-AGALSIDASE, CONCENTRAÇÃO:35 MG, FORMA FARMACÊUTICA:PÓ LIÓFILO P/ INJETÁVEL",2024,14210.9475,44519141.48,4
1627,"ROCURÔNIO BROMETO, DOSAGEM:10 MG/ML, INDICAÇÃO:SOLUÇÃO INJETÁVEL",2020,20.8687,45891.98,18
1627,"ROCURÔNIO BROMETO, DOSAGEM:10 MG/ML, INDICAÇÃO:SOLUÇÃO INJETÁVEL",2021,37.4734,31714171.54,60
1627,"ROCURÔNIO BROMETO, DOSAGEM:10 MG/ML, INDICAÇÃO:SOLUÇÃO INJETÁVEL",2022,17.8219,117253.23,42
1627,"ROCURÔNIO BROMETO, DOSAGEM:10 MG/ML, INDICAÇÃO:SOLUÇÃO INJETÁVEL",2023,12.7474,5580778.87,21
1627,"ROCURÔNIO BROMETO, DOSAGEM:10 MG/ML, INDICAÇÃO:SOLUÇÃO INJETÁVEL",2024,14.1398,914632.8,13
1686,"BELIMUMABE, CONCENTRAÇÃO :400 MG, FORMA FARMACÊUTICA:PÓ LIÓFILO P/ INJETÁVEL",2020,1958.925,811730,4
1686,"BELIMUMABE, CONCENTRAÇÃO :400 MG, FORMA FARMACÊUTICA:PÓ LIÓFILO P/ INJETÁVEL",2021,1848.41,55452.3,1
1686,"BELIMUMABE, CONCENTRAÇÃO :400 MG, FORMA FARMACÊUTICA:PÓ LIÓFILO P/ INJETÁVEL",2022,2211.16,4182339.3,5
1686,"BELIMUMABE, CONCENTRAÇÃO :400 MG, FORMA FARMACÊUTICA:PÓ LIÓFILO P/ INJETÁVEL",2023,2016.595,1199651.7,2
1686,"BELIMUMABE, CONCENTRAÇÃO :400 MG, FORMA FARMACÊUTICA:PÓ LIÓFILO P/ INJETÁVEL",2024,2686.7583,61507169.45,6
1975,"OMALIZUMABE, CONCENTRAÇÃO:150 MG, FORMA FARMACÊUTICA:INJETÁVEL",2020,1739.4467,2322845.4,15
1975,"OMALIZUMABE, CONCENTRAÇÃO:150 MG, FORMA FARMACÊUTICA:INJETÁVEL",2021,1817.1695,118997527.86,22
1975,"OMALIZUMABE, CONCENTRAÇÃO:150 MG, FORMA FARMACÊUTICA:INJETÁVEL",2022,1898.684,2719231.5,25
1975,"OMALIZUMABE, CONCENTRAÇÃO:150 MG, FORMA FARMACÊUTICA:INJETÁVEL",2023,1936.864,3334820.49,5
1975,"OMALIZUMABE, CONCENTRAÇÃO:150 MG, FORMA FARMACÊUTICA:INJETÁVEL",2024,2133.3189,224028312.91,11
2080,"TERIPARATIDA, CONCENTRAÇÃO:250 MCG/ML, FORMA FARMACÊUTICA:SOLUÇÃO INJETÁVEL, CARACTERÍSTICAS ADICIONAIS:COM SISTEMA DE APLICAÇÃO",2020,2117.4273,1009353.93,11
2080,"TERIPARATIDA, CONCENTRAÇÃO:250 MCG/ML, FORMA FARMACÊUTICA:SOLUÇÃO INJETÁVEL, CARACTERÍSTICAS ADICIONAIS:COM SISTEMA DE APLICAÇÃO",2021,1741.7756,16922550.8,10
2080,"TERIPARATIDA, CONCENTRAÇÃO:250 MCG/ML, FORMA FARMACÊUTICA:SOLUÇÃO INJETÁVEL, CARACTERÍSTICAS ADICIONAIS:COM SISTEMA DE APLICAÇÃO",2022,2496.3625,4661781.59,8
2080,"TERIPARATIDA, CONCENTRAÇÃO:250 MCG/ML, FORMA FARMACÊUTICA:SOLUÇÃO INJETÁVEL, CARACTERÍSTICAS ADICIONAIS:COM SISTEMA DE APLICAÇÃO",2023,3208.9467,12147736.94,3
2080,"TERIPARATIDA, CONCENTRAÇÃO:250 MCG/ML, FORMA FARMACÊUTICA:SOLUÇÃO INJETÁVEL, CARACTERÍSTICAS ADICIONAIS:COM SISTEMA DE APLICAÇÃO",2024,2632.7733,1254728.86,3
2088,"TIOTRÓPIO BROMETO, COMPOSIÇÃO:ASSOCIADO AO OLODATEROL, CONCENTRAÇÃO:2,5 MCG/DOSE + 2,5 MCG/DOSE, FORMA FARMACÊUTICA:SOLUÇÃO P/ INALAÇÃO, CARACTERÍSTICA ADICIONAL:COM INALADOR",2020,213.0344,43083.07,9
2088,"TIOTRÓPIO BROMETO, COMPOSIÇÃO:ASSOCIADO AO OLODATEROL, CONCENTRAÇÃO:2,5 MCG/DOSE + 2,5 MCG/DOSE, FORMA FARMACÊUTICA:SOLUÇÃO P/ INALAÇÃO, CARACTERÍSTICA ADICIONAL:COM INALADOR",2021,232.5808,89900.09,13
2088,"TIOTRÓPIO BROMETO, COMPOSIÇÃO:ASSOCIADO AO OLODATEROL, CONCENTRAÇÃO:2,5 MCG/DOSE + 2,5 MCG/DOSE, FORMA FARMACÊUTICA:SOLUÇÃO P/ INALAÇÃO, CARACTERÍSTICA ADICIONAL:COM INALADOR",2022,213.5931,124578.88,16
2088,"TIOTRÓPIO BROMETO, COMPOSIÇÃO:ASSOCIADO AO OLODATEROL, CONCENTRAÇÃO:2,5 MCG/DOSE + 2,5 MCG/DOSE, FORMA FARMACÊUTICA:SOLUÇÃO P/ INALAÇÃO, CARACTERÍSTICA ADICIONAL:COM INALADOR",2023,231.2083,7575720.58,6
2088,"TIOTRÓPIO BROMETO, COMPOSIÇÃO:ASSOCIADO AO OLODATEROL, CONCENTRAÇÃO:2,5 MCG/DOSE + 2,5 MCG/DOSE, FORMA FARMACÊUTICA:SOLUÇÃO P/ INALAÇÃO, CARACTERÍSTICA ADICIONAL:COM INALADOR",2024,258.548,34672000.03,5
2090,"TRASTUZUMABE, COMPOSIÇÃO:ENTANSINA, CONCENTRAÇÃO:100 MG, FORMA FARMACÊUTICA:PÓ LIOFILO INJETÁVEL",2020,5655.0333,1495651.3,3
2090,"TRASTUZUMABE, COMPOSIÇÃO:ENTANSINA, CONCENTRAÇÃO:100 MG, FORMA FARMACÊUTICA:PÓ LIOFILO INJETÁVEL",2021,5767.91,6689308.8,2
2090,"TRASTUZUMABE, COMPOSIÇÃO:ENTANSINA, CONCENTRAÇÃO:100 MG, FORMA FARMACÊUTICA:PÓ LIOFILO INJETÁVEL",2022,6355.4667,17994945.64,15
2090,"TRASTUZUMABE, COMPOSIÇÃO:ENTANSINA, CONCENTRAÇÃO:100 MG, FORMA FARMACÊUTICA:PÓ LIOFILO INJETÁVEL",2023,6304.1125,1237252.08,4
2090,"TRASTUZUMABE, COMPOSIÇÃO:ENTANSINA, CONCENTRAÇÃO:100 MG, FORMA FARMACÊUTICA:PÓ LIOFILO INJETÁVEL",2024,7319.3433,18522034.6,3
2091,"SOMATROPINA, COMPOSIÇÃO:SOMATOTROFINA HUMANA RECOMBINANTE, CONCENTRAÇÃO:12 UI, FORMA FARMACEUTICA:PÓ LIÓFILO P/ INJETÁVEL + DILUENTE",2020,118,35190.63,3
2091,"SOMATROPINA, COMPOSIÇÃO:SOMATOTROFINA HUMANA RECOMBINANTE, CONCENTRAÇÃO:12 UI, FORMA FARMACEUTICA:PÓ LIÓFILO P/ INJETÁVEL + DILUENTE",2021,48.795,384445300.08,4
2091,"SOMATROPINA, COMPOSIÇÃO:SOMATOTROFINA HUMANA RECOMBINANTE, CONCENTRAÇÃO:12 UI, FORMA FARMACEUTICA:PÓ LIÓFILO P/ INJETÁVEL + DILUENTE",2022,77.0289,86986.58,9
2091,"SOMATROPINA, COMPOSIÇÃO:SOMATOTROFINA HUMANA RECOMBINANTE, CONCENTRAÇÃO:12 UI, FORMA FARMACEUTICA:PÓ LIÓFILO P/ INJETÁVEL + DILUENTE",2023,53.5067,27048890.66,3
2091,"SOMATROPINA, COMPOSIÇÃO:SOMATOTROFINA HUMANA RECOMBINANTE, CONCENTRAÇÃO:12 UI, FORMA FARMACEUTICA:PÓ LIÓFILO P/ INJETÁVEL + DILUENTE",2024,620.295,4263018.54,2
2113,"ICATIBANTO ACETATO, CONCENTRAÇÃO:10 MG/ML, FORMA FARMACÊUTICA:SOLUÇÃO INJETÁVEL",2020,6616.2667,129697.6,3
2113,"ICATIBANTO ACETATO, CONCENTRAÇÃO:10 MG/ML, FORMA FARMACÊUTICA:SOLUÇÃO INJETÁVEL",2021,6251.55,43533411.16,4
2113,"ICATIBANTO ACETATO, CONCENTRAÇÃO:10 MG/ML, FORMA FARMACÊUTICA:SOLUÇÃO INJETÁVEL",2022,6499.22,3432866.45,5
2113,"ICATIBANTO ACETATO, CONCENTRAÇÃO:10 MG/ML, FORMA FARMACÊUTICA:SOLUÇÃO INJETÁVEL",2024,6916.9167,279240.17,3
2163,"AZATIOPRINA, CONCENTRAÇÃO:50 MG",2020,20.8825,10125.21,21
2163,"AZATIOPRINA, CONCENTRAÇÃO:50 MG",2021,1.0132,13283284.02,23
2163,"AZATIOPRINA, CONCENTRAÇÃO:50 MG",2022,6.7544,10610,25
2163,"AZATIOPRINA, CONCENTRAÇÃO:50 MG",2023,0.5374,8447906.72,9
2163,"AZATIOPRINA, CONCENTRAÇÃO:50 MG",2024,1.0595,20802334,14
2176,"PANTOPRAZOL, DOSAGEM:40 MG",2020,7.0091,8122.07,45
2176,"PANTOPRAZOL, DOSAGEM:40 MG",2021,10.1441,142146979.63,48
2176,"PANTOPRAZOL, DOSAGEM:40 MG",2022,2.0324,14898.89,50
2176,"PANTOPRAZOL, DOSAGEM:40 MG",2023,0.2639,51280.64,16
2176,"PANTOPRAZOL, DOSAGEM:40 MG",2024,0.1772,50394.13,12
2191,"ELTROMBOPAG OLAMINA, CONCENTRAÇÃO:50 MG",2020,222.0502,157279.62,6
2191,"ELTROMBOPAG OLAMINA, CONCENTRAÇÃO:50 MG",2021,21673.2508,75184898.28,6
2191,"ELTROMBOPAG OLAMINA, CONCENTRAÇÃO:50 MG",2022,272.2371,67138.66,7
2191,"ELTROMBOPAG OLAMINA, CONCENTRAÇÃO:50 MG",2023,214.695,41427153.96,2
2191,"ELTROMBOPAG OLAMINA, CONCENTRAÇÃO:50 MG",2024,228.885,40437717.99,2
2300,"VEDOLIZUMABE, CONCENTRAÇÃO:300 MG, FORMA FARMACÊUTICA:PÓ LIÓFILO P/ INJETÁVEL",2020,11604.8,406201,5
2300,"VEDOLIZUMABE, CONCENTRAÇÃO:300 MG, FORMA FARMACÊUTICA:PÓ LIÓFILO P/ INJETÁVEL",2021,12454.1156,13940449.11,9
2300,"VEDOLIZUMABE, CONCENTRAÇÃO:300 MG, FORMA FARMACÊUTICA:PÓ LIÓFILO P/ INJETÁVEL",2022,13401.625,5804266,8
2300,"VEDOLIZUMABE, CONCENTRAÇÃO:300 MG, FORMA FARMACÊUTICA:PÓ LIÓFILO P/ INJETÁVEL",2023,14180.9775,7546825.44,4
2300,"VEDOLIZUMABE, CONCENTRAÇÃO:300 MG, FORMA FARMACÊUTICA:PÓ LIÓFILO P/ INJETÁVEL",2024,15401.12,10152862.3,2
2303,"VALSARTANA, COMPOSIÇÃO:ASSOCIADO AO SACUBITRIL, CONCENTRAÇÃO:103 MG + 97 MG",2020,12.6272,20666.39,23
2303,"VALSARTANA, COMPOSIÇÃO:ASSOCIADO AO SACUBITRIL, CONCENTRAÇÃO:103 MG + 97 MG",2021,17.3602,11967889.37,31
2303,"VALSARTANA, COMPOSIÇÃO:ASSOCIADO AO SACUBITRIL, CONCENTRAÇÃO:103 MG + 97 MG",2022,20.5415,96276.97,34
2303,"VALSARTANA, COMPOSIÇÃO:ASSOCIADO AO SACUBITRIL, CONCENTRAÇÃO:103 MG + 97 MG",2023,3.8047,4859202.88,11
2303,"VALSARTANA, COMPOSIÇÃO:ASSOCIADO AO SACUBITRIL, CONCENTRAÇÃO:103 MG + 97 MG",2024,16.1413,31125464.41,22
2394,"NIVOLUMABE, CONCENTRAÇÃO:10 MG/ML, FORMA FARMACÊUTICA:SOLUÇÃO INJETÁVEL",2020,5467.8167,6426269.18,6
2394,"NIVOLUMABE, CONCENTRAÇÃO:10 MG/ML, FORMA FARMACÊUTICA:SOLUÇÃO INJETÁVEL",2021,24714.6003,24811897.75,10
2394,"NIVOLUMABE, CONCENTRAÇÃO:10 MG/ML, FORMA FARMACÊUTICA:SOLUÇÃO INJETÁVEL",2022,5908.5286,749247.24,7
2394,"NIVOLUMABE, CONCENTRAÇÃO:10 MG/ML, FORMA FARMACÊUTICA:SOLUÇÃO INJETÁVEL",2023,4505.615,62965368.08,6
2394,"NIVOLUMABE, CONCENTRAÇÃO:10 MG/ML, FORMA FARMACÊUTICA:SOLUÇÃO INJETÁVEL",2024,4900.6567,1073386.64,6
2611,"USTEQUINUMABE, CONCENTRAÇÃO:90 MG/ML, FORMA FARMACÊUTICA:SOLUÇÃO INJETÁVEL",2020,16475.7545,4666000.4,11
2611,"USTEQUINUMABE, CONCENTRAÇÃO:90 MG/ML, FORMA FARMACÊUTICA:SOLUÇÃO INJETÁVEL",2021,23806.1725,935814.92,4
2611,"USTEQUINUMABE, CONCENTRAÇÃO:90 MG/ML, FORMA FARMACÊUTICA:SOLUÇÃO INJETÁVEL",2022,18510.7474,50536418.08,19
2611,"USTEQUINUMABE, CONCENTRAÇÃO:90 MG/ML, FORMA FARMACÊUTICA:SOLUÇÃO INJETÁVEL",2023,15972.8829,5087078.21,7
2611,"USTEQUINUMABE, CONCENTRAÇÃO:90 MG/ML, FORMA FARMACÊUTICA:SOLUÇÃO INJETÁVEL",2024,25343.195,522606243.96,2
2665,"DUTASTERIDA, CONCENTRAÇÃO:0,5 MG",2020,2.5548,5896.75,12
2665,"DUTASTERIDA, CONCENTRAÇÃO:0,5 MG",2021,371.2413,437673571.73,11
2665,"DUTASTERIDA, CONCENTRAÇÃO:0,5 MG",2022,2.7227,4583.7,11
2665,"DUTASTERIDA, CONCENTRAÇÃO:0,5 MG",2023,3.5489,374289.72,5
2665,"DUTASTERIDA, CONCENTRAÇÃO:0,5 MG",2024,2.6376,386346.26,5
2746,"DIETA ENTERAL, ASPECTO FÍSICO:LÍQUIDO, USO:ENTERAL OU ORAL, CARACTERÍSTICAS:HIPERCALÓRICA,NORMOPROTEICA, FONTE DE PROTEÍNA:CASEINATO E/OU PTN SOJA E/OU SORO LEITE, FONTE DE CARBOIDRATO:MALTODEXTRINA, FONTE DE LIPÍDIOS:ÓLEOS VEG.E/OU TCM E/OU LEC.SOJA, COMPONENTES ADICIONAIS:AA'S,VIT.,MINERAIS, CARACTERÍSTICAS ADICIONAIS:ISENTO GLÚTEN,LACT.,SACAROSE, SABOR:C/ OU S/ SABOR",2020,13.9388,60.74,3
2746,"DIETA ENTERAL, ASPECTO FÍSICO:LÍQUIDO, USO:ENTERAL OU ORAL, CARACTERÍSTICAS:HIPERCALÓRICA,NORMOPROTEICA, FONTE DE PROTEÍNA:CASEINATO E/OU PTN SOJA E/OU SORO LEITE, FONTE DE CARBOIDRATO:MALTODEXTRINA, FONTE DE LIPÍDIOS:ÓLEOS VEG.E/OU TCM E/OU LEC.SOJA, COMPONENTES ADICIONAIS:AA'S,VIT.,MINERAIS, CARACTERÍSTICAS ADICIONAIS:ISENTO GLÚTEN,LACT.,SACAROSE, SABOR:C/ OU S/ SABOR",2021,0.0357,5783.4,1
2746,"DIETA ENTERAL, ASPECTO FÍSICO:LÍQUIDO, USO:ENTERAL OU ORAL, CARACTERÍSTICAS:HIPERCALÓRICA,NORMOPROTEICA, FONTE DE PROTEÍNA:CASEINATO E/OU PTN SOJA E/OU SORO LEITE, FONTE DE CARBOIDRATO:MALTODEXTRINA, FONTE DE LIPÍDIOS:ÓLEOS VEG.E/OU TCM E/OU LEC.SOJA, COMPONENTES ADICIONAIS:AA'S,VIT.,MINERAIS, CARACTERÍSTICAS ADICIONAIS:ISENTO GLÚTEN,LACT.,SACAROSE, SABOR:C/ OU S/ SABOR",2022,42.01,42010,2
2746,"DIETA ENTERAL, ASPECTO FÍSICO:LÍQUIDO, USO:ENTERAL OU ORAL, CARACTERÍSTICAS:HIPERCALÓRICA,NORMOPROTEICA, FONTE DE PROTEÍNA:CASEINATO E/OU PTN SOJA E/OU SORO LEITE, FONTE DE CARBOIDRATO:MALTODEXTRINA, FONTE DE LIPÍDIOS:ÓLEOS VEG.E/OU TCM E/OU LEC.SOJA, COMPONENTES ADICIONAIS:AA'S,VIT.,MINERAIS, CARACTERÍSTICAS ADICIONAIS:ISENTO GLÚTEN,LACT.,SACAROSE, SABOR:C/ OU S/ SABOR",2023,0.0125,54451750,1
2746,"DIETA ENTERAL, ASPECTO FÍSICO:LÍQUIDO, USO:ENTERAL OU ORAL, CARACTERÍSTICAS:HIPERCALÓRICA,NORMOPROTEICA, FONTE DE PROTEÍNA:CASEINATO E/OU PTN SOJA E/OU SORO LEITE, FONTE DE CARBOIDRATO:MALTODEXTRINA, FONTE DE LIPÍDIOS:ÓLEOS VEG.E/OU TCM E/OU LEC.SOJA, COMPONENTES ADICIONAIS:AA'S,VIT.,MINERAIS, CARACTERÍSTICAS ADICIONAIS:ISENTO GLÚTEN,LACT.,SACAROSE, SABOR:C/ OU S/ SABOR",2024,12.97,4669.2,1
2880,"MEPOLIZUMABE, CONCENTRAÇÃO:100 MG/ML, FORMA FARMACÊUTICA:INJETÁVEL",2020,4822.82,4037126.2,5
2880,"MEPOLIZUMABE, CONCENTRAÇÃO:100 MG/ML, FORMA FARMACÊUTICA:INJETÁVEL",2021,4956.91,1982764,1
2880,"MEPOLIZUMABE, CONCENTRAÇÃO:100 MG/ML, FORMA FARMACÊUTICA:INJETÁVEL",2022,5356.7455,5243858.09,11
2880,"MEPOLIZUMABE, CONCENTRAÇÃO:100 MG/ML, FORMA FARMACÊUTICA:INJETÁVEL",2023,1245.1843,8793989.93,3
2880,"MEPOLIZUMABE, CONCENTRAÇÃO:100 MG/ML, FORMA FARMACÊUTICA:INJETÁVEL",2024,5027.51,20468286.8,4
3093,"PANTOPRAZOL, DOSAGEM:20 MG",2020,2.7976,1102.89,23
3093,"PANTOPRAZOL, DOSAGEM:20 MG",2021,1.1033,46466085.66,21
3093,"PANTOPRAZOL, DOSAGEM:20 MG",2022,1.4925,3537.47,28
3093,"PANTOPRAZOL, DOSAGEM:20 MG",2023,0.9858,165471.16,4
3093,"PANTOPRAZOL, DOSAGEM:20 MG",2024,0.1223,3920,3
3095,"ATORVASTATINA CÁLCICA, DOSAGEM:80 MG",2020,1.6524,1213.57,7
3095,"ATORVASTATINA CÁLCICA, DOSAGEM:80 MG",2021,19.4987,10237163.98,8
3095,"ATORVASTATINA CÁLCICA, DOSAGEM:80 MG",2022,12.6007,7107.34,14
3095,"ATORVASTATINA CÁLCICA, DOSAGEM:80 MG",2023,1.19,85827.56,1
3095,"ATORVASTATINA CÁLCICA, DOSAGEM:80 MG",2024,2.997,34732021.81,4
3128,"BEVACIZUMABE, CONCENTRAÇÃO:25 MG/ML, FORMA FARMACEUTICA:SOLUÇÃO INJETÁVEL",2020,1736.5,288876.6,6
3128,"BEVACIZUMABE, CONCENTRAÇÃO:25 MG/ML, FORMA FARMACEUTICA:SOLUÇÃO INJETÁVEL",2021,3009.2738,90007950.88,16
3128,"BEVACIZUMABE, CONCENTRAÇÃO:25 MG/ML, FORMA FARMACEUTICA:SOLUÇÃO INJETÁVEL",2022,3374.42,5813474.32,10
3128,"BEVACIZUMABE, CONCENTRAÇÃO:25 MG/ML, FORMA FARMACEUTICA:SOLUÇÃO INJETÁVEL",2023,4224.6675,1847904,4
3128,"BEVACIZUMABE, CONCENTRAÇÃO:25 MG/ML, FORMA FARMACEUTICA:SOLUÇÃO INJETÁVEL",2024,1479.6,17755.2,1
3172,"ELTROMBOPAG OLAMINA, CONCENTRAÇÃO:25 MG",2020,111.1088,178461.07,5
3172,"ELTROMBOPAG OLAMINA, CONCENTRAÇÃO:25 MG",2021,114.0776,1396135.44,5
3172,"ELTROMBOPAG OLAMINA, CONCENTRAÇÃO:25 MG",2022,120.69,185752.86,8
3172,"ELTROMBOPAG OLAMINA, CONCENTRAÇÃO:25 MG",2023,106.88,17304340.74,3
3172,"ELTROMBOPAG OLAMINA, CONCENTRAÇÃO:25 MG",2024,116.95,16609940.7,5
3441,"SAPROPTERINA DICLORIDRATO, CONCENTRAÇÃO:100 MG, FORMA FARMACÊUTICA:COMPRIMIDO SOLÚVEL",2021,1417.8871,6711252,7
3441,"SAPROPTERINA DICLORIDRATO, CONCENTRAÇÃO:100 MG, FORMA FARMACÊUTICA:COMPRIMIDO SOLÚVEL",2022,97.2733,9317.63,6
3441,"SAPROPTERINA DICLORIDRATO, CONCENTRAÇÃO:100 MG, FORMA FARMACÊUTICA:COMPRIMIDO SOLÚVEL",2023,103.2025,18738565.4,4
3441,"SAPROPTERINA DICLORIDRATO, CONCENTRAÇÃO:100 MG, FORMA FARMACÊUTICA:COMPRIMIDO SOLÚVEL",2024,115.466,20224401.65,5
3474,"LÂMINA LABORATÓRIO, MATERIAL:VIDRO, DIMENSÕES:CERCA DE 75 X 25 MM, TIPO :LAPIDADA, TIPO BORDA:BORDA FOSCA",2020,0.2144,0.21,1
3474,"LÂMINA LABORATÓRIO, MATERIAL:VIDRO, DIMENSÕES:CERCA DE 75 X 25 MM, TIPO :LAPIDADA, TIPO BORDA:BORDA FOSCA",2021,3.9843,2335.68,3
3474,"LÂMINA LABORATÓRIO, MATERIAL:VIDRO, DIMENSÕES:CERCA DE 75 X 25 MM, TIPO :LAPIDADA, TIPO BORDA:BORDA FOSCA",2022,0.15,107.83,1
3474,"LÂMINA LABORATÓRIO, MATERIAL:VIDRO, DIMENSÕES:CERCA DE 75 X 25 MM, TIPO :LAPIDADA, TIPO BORDA:BORDA FOSCA",2023,1301.6088,65026491,5
3474,"LÂMINA LABORATÓRIO, MATERIAL:VIDRO, DIMENSÕES:CERCA DE 75 X 25 MM, TIPO :LAPIDADA, TIPO BORDA:BORDA FOSCA",2024,7.34,1101,1
3486,"ENZIMAS PANCREÁTICAS, PRINCÍPIO ATIVO:PANCREATINA ( AMILASE + LIPASE + PROTEASE ), CONCENTRAÇÃO:25.000 UI",2020,2.13,142.62,1
3486,"ENZIMAS PANCREÁTICAS, PRINCÍPIO ATIVO:PANCREATINA ( AMILASE + LIPASE + PROTEASE ), CONCENTRAÇÃO:25.000 UI",2021,1.995,51109522.17,8
3486,"ENZIMAS PANCREÁTICAS, PRINCÍPIO ATIVO:PANCREATINA ( AMILASE + LIPASE + PROTEASE ), CONCENTRAÇÃO:25.000 UI",2022,2.53,3680.44,12
3486,"ENZIMAS PANCREÁTICAS, PRINCÍPIO ATIVO:PANCREATINA ( AMILASE + LIPASE + PROTEASE ), CONCENTRAÇÃO:25.000 UI",2023,2.55,3495824.6,2
3486,"ENZIMAS PANCREÁTICAS, PRINCÍPIO ATIVO:PANCREATINA ( AMILASE + LIPASE + PROTEASE ), CONCENTRAÇÃO:25.000 UI",2024,2.73,6118994.7,1
3585,"CARFILZOMIB, CONCENTRAÇÃO:60 MG, FORMA FARMACEUTICA:PÓ LIÓFILO P/ INJETÁVEL",2022,3800.8,6763606.8,6
3585,"CARFILZOMIB, CONCENTRAÇÃO:60 MG, FORMA FARMACEUTICA:PÓ LIÓFILO P/ INJETÁVEL",2023,2404419.755,1367694007.2,2
3585,"CARFILZOMIB, CONCENTRAÇÃO:60 MG, FORMA FARMACEUTICA:PÓ LIÓFILO P/ INJETÁVEL",2024,5020.45,1491073.65,1
3622,"RANIBIZUMABE, CONCENTRAÇÃO:10 MG/ML, FORMA FARMACÊUTICA:SOLUÇÃO INJETÁVEL, CARACTERÍSTICA ADICIONAL:C/SISTEMA DE APLICAÇÃO",2020,2994.2357,1678258.69,12
3622,"RANIBIZUMABE, CONCENTRAÇÃO:10 MG/ML, FORMA FARMACÊUTICA:SOLUÇÃO INJETÁVEL, CARACTERÍSTICA ADICIONAL:C/SISTEMA DE APLICAÇÃO",2021,3165.9511,31499285.24,9
3622,"RANIBIZUMABE, CONCENTRAÇÃO:10 MG/ML, FORMA FARMACÊUTICA:SOLUÇÃO INJETÁVEL, CARACTERÍSTICA ADICIONAL:C/SISTEMA DE APLICAÇÃO",2022,2896.9875,702847,16
3622,"RANIBIZUMABE, CONCENTRAÇÃO:10 MG/ML, FORMA FARMACÊUTICA:SOLUÇÃO INJETÁVEL, CARACTERÍSTICA ADICIONAL:C/SISTEMA DE APLICAÇÃO",2023,2147.4,11259512,5
3622,"RANIBIZUMABE, CONCENTRAÇÃO:10 MG/ML, FORMA FARMACÊUTICA:SOLUÇÃO INJETÁVEL, CARACTERÍSTICA ADICIONAL:C/SISTEMA DE APLICAÇÃO",2024,3195.71,227635.92,2
3711,"CICLOSPORINA, CONCENTRAÇÃO:50 MG",2020,50.742,13681.39,5
3711,"CICLOSPORINA, CONCENTRAÇÃO:50 MG",2021,2.2699,34983372.98,11
3711,"CICLOSPORINA, CONCENTRAÇÃO:50 MG",2022,2.111,5563.48,10
3711,"CICLOSPORINA, CONCENTRAÇÃO:50 MG",2023,2.15,1603952.9,4
3711,"CICLOSPORINA, CONCENTRAÇÃO:50 MG",2024,4.63,4231820,1
3740,"ATALURENO, CONCENTRAÇÃO:250 MG, FORMA FARMACÊUTICA:GRANULADO PARA SUSPENSÃO ORAL",2021,1061.96,573458.4,1
3740,"ATALURENO, CONCENTRAÇÃO:250 MG, FORMA FARMACÊUTICA:GRANULADO PARA SUSPENSÃO ORAL",2022,9719.325,27779688,4
3740,"ATALURENO, CONCENTRAÇÃO:250 MG, FORMA FARMACÊUTICA:GRANULADO PARA SUSPENSÃO ORAL",2023,1279.028,12393781.32,1
3740,"ATALURENO, CONCENTRAÇÃO:250 MG, FORMA FARMACÊUTICA:GRANULADO PARA SUSPENSÃO ORAL",2024,1317.78,790668,1
3773,"AXITINIBE, CONCENTRAÇÃO:5 MG",2020,235.66,83344.17,2
3773,"AXITINIBE, CONCENTRAÇÃO:5 MG",2021,281.43,1360495.2,3
3773,"AXITINIBE, CONCENTRAÇÃO:5 MG",2022,256.0217,136288.23,6
3773,"AXITINIBE, CONCENTRAÇÃO:5 MG",2023,229.35,412830,1
3773,"AXITINIBE, CONCENTRAÇÃO:5 MG",2024,253090,713713800,1
4522,"IMUNOGLOBULINA HUMANA, CONCENTRAÇÃO:5 G, FORMA FARMACEUTICA:PÓ LIÓFILO P/ INJETÁVEL + DILUENTE",2021,3331,799440,1
4522,"IMUNOGLOBULINA HUMANA, CONCENTRAÇÃO:5 G, FORMA FARMACEUTICA:PÓ LIÓFILO P/ INJETÁVEL + DILUENTE",2023,1800.5,45998295,2
4587,"INFLIXIMABE, DOSAGEM:100 MG, FORMA FARMACÊUTICA:PÓ LIÓFILO P/INJETÁVEL",2020,2165.6667,548770,6
4587,"INFLIXIMABE, DOSAGEM:100 MG, FORMA FARMACÊUTICA:PÓ LIÓFILO P/INJETÁVEL",2021,2374.125,6678983.57,6
4587,"INFLIXIMABE, DOSAGEM:100 MG, FORMA FARMACÊUTICA:PÓ LIÓFILO P/INJETÁVEL",2022,2085.7162,2107461.14,13
4587,"INFLIXIMABE, DOSAGEM:100 MG, FORMA FARMACÊUTICA:PÓ LIÓFILO P/INJETÁVEL",2023,2284.3078,32753474.85,9
4777,"CALCITONINA SINTÉTICA, COMPOSIÇÃO:DE SALMÃO, CONCENTRAÇÃO:200 UI/DOSE, FORMA FARMACEUTICA:SPRAY NASAL",2020,103.59,27865.71,1
4777,"CALCITONINA SINTÉTICA, COMPOSIÇÃO:DE SALMÃO, CONCENTRAÇÃO:200 UI/DOSE, FORMA FARMACEUTICA:SPRAY NASAL",2021,378.22,53086511.92,4
4777,"CALCITONINA SINTÉTICA, COMPOSIÇÃO:DE SALMÃO, CONCENTRAÇÃO:200 UI/DOSE, FORMA FARMACEUTICA:SPRAY NASAL",2022,87.026,192727.89,5
4777,"CALCITONINA SINTÉTICA, COMPOSIÇÃO:DE SALMÃO, CONCENTRAÇÃO:200 UI/DOSE, FORMA FARMACEUTICA:SPRAY NASAL",2023,114.845,295010.82,2
5009,"RESINA COMPOSTA, TIPO:FOTOPOLIMERIZÁVEL, TAMANHO PARTÍCULAS:HÍBRIDA, ASPECTO FÍSICO:PASTOSA",2020,43.5065,32440.34,4
5009,"RESINA COMPOSTA, TIPO:FOTOPOLIMERIZÁVEL, TAMANHO PARTÍCULAS:HÍBRIDA, ASPECTO FÍSICO:PASTOSA",2021,2899.78,484512946.8,2
5009,"RESINA COMPOSTA, TIPO:FOTOPOLIMERIZÁVEL, TAMANHO PARTÍCULAS:HÍBRIDA, ASPECTO FÍSICO:PASTOSA",2022,33.15,14124.2,5
5009,"RESINA COMPOSTA, TIPO:FOTOPOLIMERIZÁVEL, TAMANHO PARTÍCULAS:HÍBRIDA, ASPECTO FÍSICO:PASTOSA",2023,13.465,165647.73,2
5281,"LANREOTIDA ACETATO, CONCENTRAÇÃO:180 MG/ML, FORMA FARMACEUTICA:SOLUÇÃO INJETÁVEL, CARACTERÍSTICAS ADICIONAIS:LIBERAÇÃO PROLONGADA",2020,2046,515592,1
5281,"LANREOTIDA ACETATO, CONCENTRAÇÃO:180 MG/ML, FORMA FARMACEUTICA:SOLUÇÃO INJETÁVEL, CARACTERÍSTICAS ADICIONAIS:LIBERAÇÃO PROLONGADA",2021,2075.91,32847123.93,1
5281,"LANREOTIDA ACETATO, CONCENTRAÇÃO:180 MG/ML, FORMA FARMACEUTICA:SOLUÇÃO INJETÁVEL, CARACTERÍSTICAS ADICIONAIS:LIBERAÇÃO PROLONGADA",2022,2458.2,63913.2,2
5281,"LANREOTIDA ACETATO, CONCENTRAÇÃO:180 MG/ML, FORMA FARMACEUTICA:SOLUÇÃO INJETÁVEL, CARACTERÍSTICAS ADICIONAIS:LIBERAÇÃO PROLONGADA",2023,2458.28,11676830,1
6525,"GÁS COMPRIMIDO, NOME:OXIGÊNIO, ASPECTO FÍSICO:GÁS INCOLOR, FÓRMULA QUÍMICA:O2, MASSA MOLECULAR:31,99 G/MOL, GRAU DE PUREZA:PU",2020,126.25,107983,2
6525,"GÁS COMPRIMIDO, NOME:OXIGÊNIO, ASPECTO FÍSICO:GÁS INCOLOR, FÓRMULA QUÍMICA:O2, MASSA MOLECULAR:31,99 G/MOL, GRAU DE PUREZA:PU",2021,65014.1733,1142127080,9
6525,"GÁS COMPRIMIDO, NOME:OXIGÊNIO, ASPECTO FÍSICO:GÁS INCOLOR, FÓRMULA QUÍMICA:O2, MASSA MOLECULAR:31,99 G/MOL, GRAU DE PUREZA:PU",2022,12.9167,526.37,3
9298,"CONJUNTO OXIGÊNIO MEDICINAL, ASPECTO FÍSICO:INCOLOR, ODOR:INODORO, GRAU PUREZA:99,60 A 100 PER, TIPO ACONDICIONAMENTO:CILINDR",2021,20400,138720000,1
